Plot,FireSeverity,SciName,1997,2003,2004,2005,2006,2007,2012
tc0225,High,Achillea_millefolium,1,0,0,0,1,1,1
tc0225,High,Achnatherum_scribneri,1,0,0,0,0,0,0
tc0225,High,Allium_cernuum,1,0,1,1,0,0,1
tc0225,High,Amaranthus_retroflexus,0,0,0,1,1,0,0
tc0225,High,Androsace_septentrionalis,0,1,1,1,1,1,1
tc0225,High,Antennaria_parvifolia,1,0,0,1,1,1,1
tc0225,High,Arabis_fendleri,1,1,1,1,1,1,1
tc0225,High,Arctostaphylos_uva-ursi,1,0,0,0,0,0,1
tc0225,High,Artemisia_campestris,0,0,0,1,1,1,1
tc0225,High,Artemisia_frigida,0,0,0,1,1,1,1
tc0225,High,Artemisia_ludoviciana,1,1,1,1,1,1,1
tc0225,High,Bahia_dissecta,0,0,1,1,1,1,1
tc0225,High,Besseya_plantaginea,1,1,1,1,1,1,1
tc0225,High,Blepharoneuron_tricholepis,1,0,0,0,0,0,0
tc0225,High,Bouteloua_gracilis,0,0,1,1,1,1,1
tc0225,High,Bromus_tectorum,0,0,0,0,0,0,1
tc0225,High,Campanula_rotundifolia,1,0,0,0,0,0,0
tc0225,High,Carduus/Cirsium,0,0,0,0,1,0,0
tc0225,High,Carduus_nutans,0,0,0,0,1,1,1
tc0225,High,Carex,1,1,1,1,1,1,1
tc0225,High,Cercocarpus_montanus,1,1,1,1,1,1,1
tc0225,High,Chenopodium,0,1,1,1,1,1,1
tc0225,High,Cirsium_arvense,0,0,0,1,0,1,1
tc0225,High,Clematis_columbiana,1,1,1,1,1,1,1
tc0225,High,Collomia_linearis,0,0,0,0,0,1,0
tc0225,High,Conyza_canadensis,0,0,0,1,1,1,1
tc0225,High,Corydalis_aurea,0,1,1,1,1,0,0
tc0225,High,Cystopteris_fragilis,0,0,0,0,1,0,0
tc0225,High,Descurainia_incana,0,0,0,1,0,0,0
tc0225,High,Dracocephalum_parviflorum,0,0,0,1,1,1,0
tc0225,High,Elymus_elymoides,0,0,1,1,1,1,1
tc0225,High,Elymus_lanceolatus,0,0,0,0,0,1,0
tc0225,High,Elymus_trachycaulus,0,0,0,0,1,1,1
tc0225,High,Epilobium_brachycarpum,0,0,0,0,0,0,1
tc0225,High,Erigeron_compositus,1,0,0,1,1,1,0
tc0225,High,Erigeron_divergens,0,0,0,0,0,1,0
tc0225,High,Erigeron_subtrinervis,0,0,0,0,0,1,0
tc0225,High,Erigeron_vetensis,1,1,0,1,1,1,1
tc0225,High,Eriogonum_alatum,0,0,0,0,0,0,1
tc0225,High,Erysimum_capitatum,0,0,0,0,1,0,0
tc0225,High,Fragaria,1,0,0,0,0,0,0
tc0225,High,Geranium_caespitosum,1,1,1,1,1,1,1
tc0225,High,Heterotheca_villosa,1,1,1,1,1,1,1
tc0225,High,Heuchera_parvifolia,1,0,0,0,0,0,0
tc0225,High,Hieracium_fendleri,1,0,0,0,0,0,0
tc0225,High,Hordeum_jubatum,0,0,0,1,1,1,0
tc0225,High,Juniperus_communis,1,0,0,0,0,0,0
tc0225,High,Koeleria_macrantha,1,0,1,1,1,1,1
tc0225,High,Lactuca_serriola,0,0,1,1,1,1,1
tc0225,High,Laennecia_schiedeana,0,0,0,1,0,1,0
tc0225,High,Lappula_occidentalis,0,0,0,0,1,0,0
tc0225,High,Linaria_vulgaris,0,0,1,1,1,0,1
tc0225,High,Machaeranthera_bigelovii,0,0,0,1,1,1,0
tc0225,High,Mentzelia_speciosa,0,0,0,1,1,1,1
tc0225,High,Mertensia_lanceolata,1,1,1,0,0,1,0
tc0225,High,Muhlenbergia_montana,1,0,1,0,1,1,1
tc0225,High,Oenothera_villosa,0,0,0,0,0,0,1
tc0225,High,Oxytropis_multiceps,1,0,0,1,1,0,1
tc0225,High,Packera_cana,1,1,1,1,1,1,1
tc0225,High,Packera_fendleri,1,0,1,1,1,1,1
tc0225,High,Penstemon_glaber,0,0,1,1,0,0,1
tc0225,High,Penstemon_virens,1,1,1,0,0,0,1
tc0225,High,Pericome_caudata,0,0,0,1,1,1,0
tc0225,High,Phacelia_heterophylla,0,1,0,1,1,1,1
tc0225,High,Poa_fendleriana,1,0,0,0,0,0,1
tc0225,High,Potentilla_fissa,1,1,1,1,1,1,1
tc0225,High,Potentilla_hippiana,1,0,0,0,0,0,0
tc0225,High,Pseudognaphalium_macounii,0,0,0,1,0,0,0
tc0225,High,Pulsatilla_patens,1,1,1,1,1,1,1
tc0225,High,Ribes_cereum,1,1,1,1,1,1,1
tc0225,High,Rubus_idaeus,1,1,1,1,1,1,1
tc0225,High,Saxifraga_bronchialis,1,0,0,0,0,0,1
tc0225,High,Sedum_lanceolatum,1,0,0,0,0,0,0
tc0225,High,Senecio_spartioides,0,0,0,1,1,1,1
tc0225,High,Silene_antirrhina,0,0,1,1,1,0,1
tc0225,High,Silene_scouleri,1,0,0,0,0,0,1
tc0225,High,Solidago,1,1,1,1,1,1,1
tc0225,High,Sonchus_asper,0,0,1,0,0,0,0
tc0225,High,Symphyotrichum_porteri,0,0,0,1,1,1,0
tc0225,High,Taraxacum_officinale,1,0,1,1,1,1,1
tc0225,High,Thalictrum_fendleri,1,1,1,0,1,0,0
tc0225,High,Tragopogon_dubius,0,0,0,1,1,1,1
tc0225,High,Triticosecale_rimpaui,0,1,1,0,1,0,0
tc0225,High,Triticosecale_rimpaui_dead,0,0,1,0,0,0,0
tc0225,High,unable_to_identify,1,0,0,0,1,1,0
tc0225,High,Verbascum_thapsus,0,0,1,1,1,1,1
tc0225,High,Yucca_glauca,1,0,1,1,1,1,1
tc0312,Low,Achillea_millefolium,1,1,1,1,1,1,1
tc0312,Low,Aliciella_pinnatifida,0,1,1,1,0,1,1
tc0312,Low,Allium_cernuum,0,1,1,1,1,1,1
tc0312,Low,Androsace_septentrionalis,1,1,1,1,0,1,1
tc0312,Low,Antennaria_neglecta,0,0,0,1,1,1,1
tc0312,Low,Antennaria_parvifolia,1,1,1,1,1,1,1
tc0312,Low,Arabis_fendleri,0,1,1,1,1,1,1
tc0312,Low,Arctostaphylos_uva-ursi,1,1,1,1,1,1,1
tc0312,Low,Artemisia_campestris,1,1,0,1,1,1,1
tc0312,Low,Artemisia_frigida,1,0,0,0,1,1,1
tc0312,Low,Artemisia_ludoviciana,1,1,1,1,1,1,1
tc0312,Low,Bahia_dissecta,0,0,0,1,1,1,1
tc0312,Low,Bouteloua_gracilis,1,1,0,1,1,1,1
tc0312,Low,Carduus/Cirsium,1,1,0,0,0,0,0
tc0312,Low,Carduus_nutans,0,0,1,1,0,0,0
tc0312,Low,Carex,1,1,1,1,1,1,1
tc0312,Low,Cercocarpus_montanus,1,1,1,1,1,1,1
tc0312,Low,Chenopodium,0,1,1,0,1,1,0
tc0312,Low,Conyza_canadensis,0,1,0,0,0,1,0
tc0312,Low,Corydalis_aurea,0,1,1,0,0,0,0
tc0312,Low,Cryptantha_virgata,0,0,0,1,0,1,0
tc0312,Low,Elymus_elymoides,1,1,1,1,1,1,1
tc0312,Low,Erigeron,0,1,0,0,0,0,0
tc0312,Low,Erigeron_compositus,1,1,1,1,1,1,1
tc0312,Low,Erigeron_flagellaris,0,0,0,1,0,0,0
tc0312,Low,Eriogonum_alatum,1,1,1,1,1,1,1
tc0312,Low,Erysimum_capitatum,0,1,0,1,1,1,0
tc0312,Low,Festuca_saximontana,0,1,1,1,0,0,0
tc0312,Low,Fragaria,0,1,1,0,1,1,1
tc0312,Low,Geranium_caespitosum,1,1,1,1,1,1,1
tc0312,Low,Heterotheca_villosa,1,1,1,1,1,1,1
tc0312,Low,Hieracium_fendleri,0,0,1,0,0,0,0
tc0312,Low,Koeleria_macrantha,1,1,1,1,1,1,1
tc0312,Low,Lactuca_serriola,0,1,1,1,1,1,0
tc0312,Low,Laennecia_schiedeana,0,0,0,0,0,1,0
tc0312,Low,Machaeranthera_bigelovii,0,0,1,1,1,1,0
tc0312,Low,Mertensia_lanceolata,0,1,1,1,1,1,1
tc0312,Low,Muhlenbergia_montana,1,1,1,1,1,1,1
tc0312,Low,Noccaea_montana,0,1,1,1,0,1,1
tc0312,Low,Oenothera_caespitosa,1,1,1,1,1,1,1
tc0312,Low,Packera_cana,0,0,0,1,0,0,0
tc0312,Low,Packera_fendleri,0,1,1,1,1,1,1
tc0312,Low,Pediocactus_simpsonii,1,1,0,0,0,0,1
tc0312,Low,Penstemon_glaber,0,1,1,1,1,1,1
tc0312,Low,Penstemon_secundiflorus,1,1,1,1,1,1,1
tc0312,Low,Penstemon_virens,1,0,0,1,1,1,1
tc0312,Low,Phacelia_heterophylla,0,1,1,1,1,1,1
tc0312,Low,Poa_fendleriana,0,0,1,1,1,1,1
tc0312,Low,Poa_pratensis,0,1,0,0,0,0,0
tc0312,Low,Potentilla_fissa,1,1,1,0,1,1,1
tc0312,Low,Potentilla_hippiana,0,0,1,1,1,1,1
tc0312,Low,Prunus_virginiana,0,0,0,0,0,1,0
tc0312,Low,Pulsatilla_patens,1,1,1,1,1,1,1
tc0312,Low,Ribes_cereum,1,1,1,1,1,1,1
tc0312,Low,Rubus_deliciosus,0,0,1,1,1,0,1
tc0312,Low,Rubus_idaeus,1,1,1,1,1,1,0
tc0312,Low,Schizachyrium_scoparium,0,0,0,0,1,0,0
tc0312,Low,Scutellaria_brittonii,0,0,0,0,1,0,0
tc0312,Low,Sedum_lanceolatum,1,1,1,1,1,1,1
tc0312,Low,Senecio,1,0,0,0,0,0,0
tc0312,Low,Silene_scouleri,0,1,0,1,1,1,0
tc0312,Low,Solidago,1,1,1,1,1,1,1
tc0312,Low,Symphyotrichum_porteri,0,0,0,0,1,0,0
tc0312,Low,Taraxacum_officinale,1,1,0,0,1,1,0
tc0312,Low,Tragopogon_dubius,0,0,1,0,0,1,1
tc0312,Low,Triticosecale_rimpaui,0,1,1,1,0,0,0
tc0312,Low,Triticosecale_rimpaui_dead,0,0,1,0,0,0,0
tc0312,Low,unable_to_identify,1,1,1,0,0,1,0
tc0312,Low,Verbascum_thapsus,1,1,1,1,1,1,1
tc0312,Low,Yucca_glauca,1,1,1,1,1,1,1
tc0317,Low,Achillea_millefolium,1,1,1,1,1,1,1
tc0317,Low,Agropyron_cristatum,0,0,1,0,0,0,0
tc0317,Low,Allium_cernuum,1,1,1,1,1,1,1
tc0317,Low,Androsace_septentrionalis,0,1,1,1,1,1,1
tc0317,Low,Antennaria_neglecta,0,0,0,0,1,1,1
tc0317,Low,Antennaria_parvifolia,1,1,1,1,1,1,1
tc0317,Low,Arabis_fendleri,1,1,1,1,1,1,1
tc0317,Low,Arabis_glabra,0,0,0,0,0,1,0
tc0317,Low,Arctostaphylos_uva-ursi,1,1,1,1,1,1,1
tc0317,Low,Artemisia_campestris,1,0,0,0,1,1,1
tc0317,Low,Artemisia_frigida,0,0,0,1,1,1,1
tc0317,Low,Artemisia_ludoviciana,1,1,1,1,1,1,1
tc0317,Low,Astragalus_miser,1,1,1,1,1,1,1
tc0317,Low,Bahia_dissecta,0,0,0,0,1,1,1
tc0317,Low,Besseya_plantaginea,1,1,1,1,1,1,1
tc0317,Low,Bromus_ciliatus,0,0,0,0,0,0,1
tc0317,Low,Bromus_tectorum,0,0,0,0,0,1,0
tc0317,Low,Calamagrostis_purpurascens,1,0,0,0,1,1,1
tc0317,Low,Carex,1,1,1,1,1,1,1
tc0317,Low,Cercocarpus_montanus,1,1,1,1,1,1,1
tc0317,Low,Chamerion_angustifolium,0,1,1,1,1,1,0
tc0317,Low,Chenopodium,1,1,1,1,1,1,0
tc0317,Low,Cirsium_arvense,0,1,1,0,0,0,0
tc0317,Low,Conyza_canadensis,0,1,0,1,1,1,0
tc0317,Low,Corydalis_aurea,0,1,1,0,0,0,0
tc0317,Low,Cryptantha_virgata,0,1,0,0,0,0,0
tc0317,Low,Cystopteris_fragilis,0,0,0,0,0,0,1
tc0317,Low,Elymus_trachycaulus,0,1,0,0,1,1,0
tc0317,Low,Epilobium_brachycarpum,0,0,0,1,0,0,0
tc0317,Low,Erigeron_compositus,1,1,1,1,1,1,1
tc0317,Low,Erigeron_divergens,0,0,0,1,0,1,0
tc0317,Low,Erigeron_subtrinervis,0,0,0,0,0,1,0
tc0317,Low,Erigeron_vetensis,1,0,0,0,1,1,1
tc0317,Low,Eriogonum_alatum,1,1,1,1,1,1,1
tc0317,Low,Erysimum_capitatum,1,1,1,1,1,1,1
tc0317,Low,Festuca_saximontana,0,0,0,0,0,1,1
tc0317,Low,Fragaria,1,1,1,1,1,1,1
tc0317,Low,Geranium_caespitosum,1,1,1,1,1,1,1
tc0317,Low,Heterotheca_villosa,1,1,1,1,1,1,1
tc0317,Low,Heuchera_parvifolia,0,1,1,1,1,1,0
tc0317,Low,Hieracium_fendleri,0,0,0,0,0,1,0
tc0317,Low,Juniperus_communis,0,1,0,0,0,1,0
tc0317,Low,Koeleria_macrantha,1,1,1,1,1,1,1
tc0317,Low,Lactuca_serriola,0,1,1,1,0,0,0
tc0317,Low,Laennecia_schiedeana,0,0,1,1,1,1,0
tc0317,Low,Machaeranthera_bigelovii,1,1,1,1,1,1,1
tc0317,Low,Mertensia_lanceolata,1,1,1,1,1,1,0
tc0317,Low,Muhlenbergia_montana,1,1,1,1,1,1,1
tc0317,Low,Noccaea_montana,1,1,1,1,1,1,1
tc0317,Low,Oenothera_villosa,0,0,0,1,1,1,0
tc0317,Low,Packera_fendleri,1,1,1,1,1,1,1
tc0317,Low,Pediocactus_simpsonii,0,0,0,0,0,1,0
tc0317,Low,Penstemon_glaber,1,0,1,1,1,1,1
tc0317,Low,Penstemon_secundiflorus,1,0,0,0,0,0,1
tc0317,Low,Penstemon_virens,1,1,1,1,1,1,1
tc0317,Low,Phacelia_heterophylla,1,1,1,1,1,1,0
tc0317,Low,Poa_fendleriana,1,1,0,1,1,1,1
tc0317,Low,Poa_pratensis,1,0,0,0,0,0,0
tc0317,Low,Potentilla_fissa,1,1,1,1,1,1,1
tc0317,Low,Pulsatilla_patens,1,1,1,1,1,1,1
tc0317,Low,Ribes_cereum,1,1,1,1,1,1,1
tc0317,Low,Ribes_inerme,1,0,0,0,1,0,0
tc0317,Low,Rubus_idaeus,0,1,1,1,1,1,0
tc0317,Low,Saxifraga_bronchialis,1,1,1,1,1,1,1
tc0317,Low,Schizachyrium_scoparium,0,1,1,0,1,0,0
tc0317,Low,Sedum_lanceolatum,1,1,1,1,1,1,1
tc0317,Low,Selaginella_densa,0,0,0,0,0,0,1
tc0317,Low,Silene_scouleri,0,1,1,1,1,1,1
tc0317,Low,Solidago,1,1,1,1,1,1,1
tc0317,Low,Symphyotrichum_laeve,0,0,0,1,0,0,0
tc0317,Low,Symphyotrichum_porteri,0,0,1,0,1,0,1
tc0317,Low,Taraxacum_officinale,1,0,0,1,1,1,1
tc0317,Low,Tragopogon_dubius,0,0,0,0,0,1,0
tc0317,Low,Triticosecale_rimpaui,0,1,1,1,0,0,0
tc0317,Low,Triticosecale_rimpaui_dead,0,0,1,0,0,0,0
tc0317,Low,unable_to_identify,1,1,0,1,1,0,1
tc0317,Low,Verbascum_thapsus,1,1,1,1,1,1,1
tc0317,Low,Yucca_glauca,1,1,1,1,1,1,1
tc0523,High,Achillea_millefolium,1,0,1,1,1,1,1
tc0523,High,Aliciella_pinnatifida,0,0,0,1,0,1,0
tc0523,High,Allium_cernuum,1,1,1,1,1,1,1
tc0523,High,Androsace_septentrionalis,1,1,1,1,0,0,0
tc0523,High,Antennaria_parvifolia,1,0,0,0,1,1,1
tc0523,High,Arabis_fendleri,0,0,0,0,1,0,1
tc0523,High,Arctostaphylos_uva-ursi,1,1,1,1,1,1,1
tc0523,High,Artemisia_campestris,1,1,1,1,1,1,1
tc0523,High,Artemisia_frigida,1,0,1,1,1,1,1
tc0523,High,Artemisia_ludoviciana,1,1,1,1,1,1,1
tc0523,High,Bahia_dissecta,0,0,1,1,1,1,1
tc0523,High,Bouteloua_gracilis,1,0,1,1,1,1,1
tc0523,High,Bromus_tectorum,0,0,0,0,0,0,1
tc0523,High,Campanula_rotundifolia,0,1,1,1,1,1,1
tc0523,High,Carex,1,1,1,1,1,1,1
tc0523,High,Cercocarpus_montanus,1,1,1,1,1,1,1
tc0523,High,Chamaesyce_maculata,0,0,1,0,0,0,0
tc0523,High,Chenopodium,0,1,1,1,1,1,1
tc0523,High,Cirsium_undulatum,0,0,0,1,1,1,1
tc0523,High,Conyza_canadensis,0,1,0,1,1,1,0
tc0523,High,Corydalis_aurea,0,1,1,0,0,0,0
tc0523,High,Crepis,1,0,0,0,0,0,0
tc0523,High,Cryptantha_virgata,0,1,1,1,1,1,1
tc0523,High,Cystopteris_fragilis,1,0,0,0,1,1,1
tc0523,High,Elymus_elymoides,1,0,0,0,0,1,1
tc0523,High,Epilobium_brachycarpum,0,0,0,0,0,0,1
tc0523,High,Erigeron_compositus,1,0,0,0,0,0,0
tc0523,High,Erigeron_divergens,0,0,0,1,0,1,0
tc0523,High,Erigeron_subtrinervis,0,0,0,0,1,1,0
tc0523,High,Eriogonum_alatum,0,1,1,1,1,1,1
tc0523,High,Erysimum_capitatum,1,0,1,1,1,0,0
tc0523,High,Fragaria,0,0,0,0,0,1,0
tc0523,High,Geranium_caespitosum,1,1,1,1,1,1,1
tc0523,High,Heterotheca_villosa,1,1,1,1,1,1,1
tc0523,High,Ipomopsis_aggregata,1,1,1,1,1,1,1
tc0523,High,Koeleria_macrantha,1,1,0,0,1,0,1
tc0523,High,Lactuca_serriola,0,0,1,1,1,1,1
tc0523,High,Laennecia_schiedeana,0,0,0,1,0,1,0
tc0523,High,Lappula_occidentalis,0,0,1,0,0,0,0
tc0523,High,Leucopoa_kingii,1,0,0,0,0,0,0
tc0523,High,Liatris_punctata,0,0,0,0,0,1,1
tc0523,High,Linaria_vulgaris,0,0,0,1,1,1,1
tc0523,High,Machaeranthera_bigelovii,0,0,0,1,1,1,1
tc0523,High,Mentzelia_speciosa,0,0,1,1,1,1,1
tc0523,High,Mertensia_lanceolata,1,1,1,1,1,1,0
tc0523,High,Mirabilis_linearis,0,0,1,0,0,0,0
tc0523,High,Muhlenbergia_montana,1,0,1,1,1,1,1
tc0523,High,Noccaea_montana,0,1,1,1,1,1,0
tc0523,High,Oenothera_caespitosa,0,0,0,0,0,0,1
tc0523,High,Packera_fendleri,1,1,1,1,1,1,1
tc0523,High,Paronychia_jamesii,1,0,0,1,1,1,0
tc0523,High,Penstemon_secundiflorus,1,0,1,1,1,1,1
tc0523,High,Penstemon_virens,0,0,0,1,0,0,0
tc0523,High,Phacelia_heterophylla,0,1,1,1,1,1,1
tc0523,High,Potentilla_fissa,1,1,1,1,1,1,1
tc0523,High,Potentilla_hippiana,1,0,1,1,1,1,1
tc0523,High,Pseudognaphalium_macounii,0,0,0,1,0,0,0
tc0523,High,Ribes_cereum,0,0,1,1,0,0,0
tc0523,High,Rubus_idaeus,0,0,0,0,1,1,1
tc0523,High,Saxifraga_bronchialis,0,0,0,0,0,0,1
tc0523,High,Schizachyrium_scoparium,1,1,0,0,0,1,1
tc0523,High,Scutellaria_brittonii,1,1,1,1,1,0,0
tc0523,High,Silene_antirrhina,1,1,1,1,1,1,1
tc0523,High,Silene_scouleri,0,0,0,1,1,1,0
tc0523,High,Solidago,1,1,1,1,1,1,1
tc0523,High,Symphyotrichum_porteri,0,1,0,1,0,1,0
tc0523,High,Taraxacum_officinale,0,0,0,0,1,1,0
tc0523,High,Tragopogon_dubius,0,0,0,1,1,1,1
tc0523,High,Triticosecale_rimpaui,0,1,0,0,0,0,0
tc0523,High,Triticosecale_rimpaui_dead,0,0,1,0,0,0,0
tc0523,High,unable_to_identify,1,0,0,0,1,0,0
tc0523,High,Verbascum_thapsus,0,1,1,1,1,1,1
tc0523,High,Yucca_glauca,1,1,1,1,1,1,1
tc0715,Low,Achillea_millefolium,1,1,1,1,1,1,1
tc0715,Low,Androsace_septentrionalis,1,1,1,1,1,1,1
tc0715,Low,Antennaria_neglecta,0,0,0,0,0,0,1
tc0715,Low,Antennaria_parvifolia,1,1,1,1,1,1,1
tc0715,Low,Arabis_fendleri,1,1,1,1,1,1,1
tc0715,Low,Arctostaphylos_uva-ursi,1,1,1,1,1,1,1
tc0715,Low,Artemisia_frigida,0,1,0,1,1,1,1
tc0715,Low,Artemisia_ludoviciana,0,1,1,1,1,1,1
tc0715,Low,Bahia_dissecta,0,0,0,1,1,1,1
tc0715,Low,Bouteloua_gracilis,0,0,0,1,0,1,1
tc0715,Low,Bromus_ciliatus,0,0,0,1,0,0,1
tc0715,Low,Calamagrostis_purpurascens,0,0,0,0,0,0,1
tc0715,Low,Carex,1,1,1,1,1,1,1
tc0715,Low,Cercocarpus_montanus,0,1,1,1,1,1,1
tc0715,Low,Chamerion_angustifolium,0,1,0,0,0,0,0
tc0715,Low,Chenopodium,0,1,1,1,1,1,1
tc0715,Low,Conyza_canadensis,0,0,0,1,1,1,0
tc0715,Low,Corydalis_aurea,0,1,1,0,0,0,0
tc0715,Low,Cryptantha_virgata,0,0,1,1,0,1,0
tc0715,Low,Dracocephalum_parviflorum,0,0,0,0,0,1,0
tc0715,Low,Elymus_trachycaulus,0,0,1,0,0,0,0
tc0715,Low,Epilobium_brachycarpum,0,0,0,1,0,1,1
tc0715,Low,Erigeron_compositus,1,1,1,1,1,1,1
tc0715,Low,Erigeron_divergens,0,0,0,1,1,0,0
tc0715,Low,Erigeron_vetensis,0,0,0,0,1,0,1
tc0715,Low,Eriogonum_alatum,1,1,0,1,1,1,1
tc0715,Low,Erysimum_capitatum,0,1,1,1,1,1,1
tc0715,Low,Fragaria,0,0,0,0,0,1,1
tc0715,Low,Geranium_caespitosum,1,1,1,1,1,1,1
tc0715,Low,Heterotheca_villosa,1,1,1,1,1,1,1
tc0715,Low,Hieracium_fendleri,0,0,1,0,0,0,0
tc0715,Low,Ipomopsis_aggregata,0,1,1,1,1,1,1
tc0715,Low,Jamesia_americana,1,1,1,1,1,1,1
tc0715,Low,Juniperus_communis,1,0,0,0,0,0,0
tc0715,Low,Koeleria_macrantha,1,1,1,1,1,1,1
tc0715,Low,Lactuca_serriola,0,0,1,1,0,1,0
tc0715,Low,Laennecia_schiedeana,0,0,0,1,0,1,0
tc0715,Low,Liatris_punctata,0,0,1,0,0,0,0
tc0715,Low,Machaeranthera_bigelovii,0,0,0,1,1,1,0
tc0715,Low,Mertensia_lanceolata,0,0,1,0,0,1,0
tc0715,Low,Muhlenbergia_montana,1,1,1,1,1,1,1
tc0715,Low,Noccaea_montana,1,1,1,1,1,1,1
tc0715,Low,Oenothera_caespitosa,0,0,0,1,1,0,1
tc0715,Low,Oenothera_villosa,0,0,0,0,0,1,1
tc0715,Low,Packera_fendleri,1,1,1,1,1,1,1
tc0715,Low,Paronychia_jamesii,1,1,1,1,1,1,1
tc0715,Low,Pediocactus_simpsonii,1,1,1,1,1,0,1
tc0715,Low,Penstemon_glaber,1,1,1,1,1,1,1
tc0715,Low,Penstemon_secundiflorus,1,1,1,1,1,1,1
tc0715,Low,Penstemon_virens,0,0,0,1,0,0,1
tc0715,Low,Phacelia_heterophylla,0,0,0,1,1,1,1
tc0715,Low,Physaria_vitulifera,1,1,1,1,1,1,1
tc0715,Low,Poa_fendleriana,1,1,0,0,1,1,1
tc0715,Low,Potentilla_fissa,1,1,1,1,1,1,1
tc0715,Low,Pulsatilla_patens,1,1,1,1,1,1,1
tc0715,Low,Ribes_cereum,1,1,1,1,1,1,1
tc0715,Low,Rubus_deliciosus,1,1,1,1,1,1,1
tc0715,Low,Rubus_idaeus,0,0,1,1,0,0,1
tc0715,Low,Saxifraga_bronchialis,1,1,1,1,1,1,1
tc0715,Low,Schizachyrium_scoparium,1,1,1,1,1,1,1
tc0715,Low,Scutellaria_brittonii,0,1,0,0,1,0,1
tc0715,Low,Sedum_lanceolatum,1,1,1,1,1,1,1
tc0715,Low,Senecio_eremophilus,0,0,0,1,1,1,0
tc0715,Low,Senecio_spartioides,0,0,0,1,1,1,1
tc0715,Low,Silene_antirrhina,0,1,0,1,1,1,0
tc0715,Low,Solanum_triflorum,0,1,0,0,0,0,0
tc0715,Low,Solidago,0,1,1,1,1,1,1
tc0715,Low,Symphyotrichum_laeve,0,0,0,0,1,0,0
tc0715,Low,Symphyotrichum_porteri,0,0,0,1,0,0,0
tc0715,Low,Taraxacum_officinale,0,0,0,1,1,1,0
tc0715,Low,Townsendia_grandiflora,0,1,1,1,1,1,1
tc0715,Low,Tragopogon_dubius,0,0,0,0,1,1,0
tc0715,Low,Triticosecale_rimpaui,0,1,0,0,0,1,0
tc0715,Low,unable_to_identify,0,0,0,0,0,1,0
tc0715,Low,Verbascum_thapsus,0,1,1,1,1,1,1
tc0715,Low,Yucca_glauca,1,1,1,1,1,1,1
tc0807,Low,Achillea_millefolium,1,1,1,1,1,1,1
tc0807,Low,Aliciella_pinnatifida,0,1,1,1,1,1,1
tc0807,Low,Allium_cernuum,1,1,1,1,1,1,1
tc0807,Low,Androsace_septentrionalis,1,1,1,1,1,1,1
tc0807,Low,Antennaria_parvifolia,1,0,1,0,1,1,1
tc0807,Low,Arabis_fendleri,1,1,1,1,1,1,1
tc0807,Low,Arctostaphylos_uva-ursi,1,1,1,1,1,1,1
tc0807,Low,Artemisia_campestris,1,1,0,1,1,0,1
tc0807,Low,Artemisia_frigida,0,0,0,1,1,1,1
tc0807,Low,Artemisia_ludoviciana,1,1,1,1,1,1,1
tc0807,Low,Bahia_dissecta,1,1,1,1,1,1,1
tc0807,Low,Bouteloua_gracilis,1,0,0,0,0,0,0
tc0807,Low,Bromus_ciliatus,0,0,0,0,0,1,0
tc0807,Low,Carduus/Cirsium,0,1,0,0,0,0,0
tc0807,Low,Carduus_nutans,0,0,0,0,0,0,1
tc0807,Low,Carex,1,1,1,1,1,1,1
tc0807,Low,Cercocarpus_montanus,1,1,1,1,1,1,1
tc0807,Low,Chamerion_angustifolium,0,0,0,1,0,1,1
tc0807,Low,Chenopodium,0,1,1,1,1,1,0
tc0807,Low,Cirsium_arvense,0,0,1,1,0,1,0
tc0807,Low,Conyza_canadensis,0,0,0,1,1,1,0
tc0807,Low,Corydalis_aurea,0,1,1,0,0,0,0
tc0807,Low,Cryptantha_virgata,0,0,0,1,0,1,1
tc0807,Low,Elymus_elymoides,1,1,1,1,1,1,1
tc0807,Low,Epilobium_brachycarpum,0,0,0,1,1,1,0
tc0807,Low,Erigeron_compositus,1,0,1,1,1,1,1
tc0807,Low,Erigeron_divergens,0,0,1,0,0,0,0
tc0807,Low,Erigeron_flagellaris,0,0,0,0,0,1,0
tc0807,Low,Erigeron_subtrinervis,1,0,0,1,0,1,1
tc0807,Low,Eriogonum_alatum,1,0,0,0,0,0,1
tc0807,Low,Erysimum_capitatum,1,1,1,1,1,1,1
tc0807,Low,Euphorbia_brachycera,1,1,1,1,1,1,1
tc0807,Low,Geranium_caespitosum,1,1,1,1,1,1,1
tc0807,Low,Helianthus_pumilus,0,0,0,1,0,0,0
tc0807,Low,Hesperostipa_comata,1,0,0,0,0,0,0
tc0807,Low,Heterotheca_villosa,1,1,1,1,1,1,1
tc0807,Low,Hieracium_fendleri,1,1,1,1,1,1,1
tc0807,Low,Ipomopsis_aggregata,1,1,1,1,1,1,1
tc0807,Low,Koeleria_macrantha,1,1,1,0,0,1,1
tc0807,Low,Lactuca_serriola,0,1,1,1,0,1,1
tc0807,Low,Laennecia_schiedeana,0,0,1,1,0,1,0
tc0807,Low,Linaria_vulgaris,0,0,1,0,0,0,0
tc0807,Low,Lithospermum_multiflorum,1,0,0,0,0,0,0
tc0807,Low,Machaeranthera_bigelovii,0,0,1,1,1,1,1
tc0807,Low,Mertensia_lanceolata,1,1,1,1,1,1,1
tc0807,Low,Muhlenbergia_montana,1,1,1,1,1,1,1
tc0807,Low,Noccaea_montana,0,1,1,1,1,1,1
tc0807,Low,Oenothera_caespitosa,1,0,1,1,1,1,0
tc0807,Low,Oenothera_villosa,1,0,0,1,0,1,0
tc0807,Low,Packera_fendleri,1,1,1,1,1,1,1
tc0807,Low,Penstemon_glaber,1,0,1,1,1,1,1
tc0807,Low,Penstemon_secundiflorus,1,1,1,1,1,1,1
tc0807,Low,Penstemon_virens,1,1,0,0,0,0,1
tc0807,Low,Phacelia_heterophylla,0,1,1,1,1,1,1
tc0807,Low,Poa_fendleriana,1,0,0,1,1,1,1
tc0807,Low,Potentilla_fissa,1,1,1,1,1,1,1
tc0807,Low,Potentilla_hippiana,1,0,0,0,0,0,0
tc0807,Low,Prunus_virginiana,1,0,1,1,1,1,1
tc0807,Low,Pulsatilla_patens,1,1,1,1,1,1,1
tc0807,Low,Ribes_cereum,1,1,1,1,1,1,1
tc0807,Low,Rubus_idaeus,1,0,1,1,1,1,1
tc0807,Low,Schizachyrium_scoparium,1,1,1,1,1,1,1
tc0807,Low,Scutellaria_brittonii,1,1,1,1,1,1,1
tc0807,Low,Sedum_lanceolatum,0,0,0,0,0,0,1
tc0807,Low,Senecio_eremophilus,0,0,0,1,1,0,0
tc0807,Low,Senecio_spartioides,0,0,0,0,0,1,1
tc0807,Low,Solidago,1,1,1,1,1,1,1
tc0807,Low,Symphyotrichum_porteri,0,1,1,0,0,0,0
tc0807,Low,Taraxacum_officinale,1,0,0,1,1,1,1
tc0807,Low,Tragopogon_dubius,0,0,1,0,1,1,1
tc0807,Low,Triticosecale_rimpaui,0,0,0,1,0,0,0
tc0807,Low,Triticosecale_rimpaui_dead,0,0,1,0,0,0,0
tc0807,Low,unable_to_identify,0,1,1,0,1,1,0
tc0807,Low,Verbascum_thapsus,1,0,1,1,1,1,1
tc0807,Low,Yucca_glauca,1,1,1,1,1,1,1
tc1217,Moderate,Achillea_millefolium,1,1,1,1,1,1,1
tc1217,Moderate,Achnatherum_nelsonii,0,0,0,0,0,1,0
tc1217,Moderate,Agoseris_aurantiaca,0,0,1,1,0,0,1
tc1217,Moderate,Agrostis_scabra,0,0,1,1,0,0,1
tc1217,Moderate,Allium_cernuum,0,1,1,1,1,1,1
tc1217,Moderate,Amaranthus_retroflexus,0,0,0,0,1,0,0
tc1217,Moderate,Androsace_septentrionalis,1,1,1,1,1,1,1
tc1217,Moderate,Anemone_cylindrica,0,0,1,1,0,0,0
tc1217,Moderate,Antennaria_neglecta,0,0,1,1,1,1,1
tc1217,Moderate,Antennaria_parvifolia,1,1,1,1,1,1,1
tc1217,Moderate,Arabis_fendleri,1,1,1,1,1,1,1
tc1217,Moderate,Arabis_hirsuta,0,0,1,1,1,0,0
tc1217,Moderate,Arctostaphylos_uva-ursi,1,1,1,1,1,1,1
tc1217,Moderate,Artemisia_campestris,1,1,1,1,1,1,1
tc1217,Moderate,Artemisia_frigida,0,0,0,0,1,1,0
tc1217,Moderate,Artemisia_ludoviciana,1,1,1,1,1,1,1
tc1217,Moderate,Astragalus_miser,0,0,1,1,1,1,1
tc1217,Moderate,Bahia_dissecta,1,1,1,1,1,1,1
tc1217,Moderate,Besseya_plantaginea,0,1,1,1,1,1,1
tc1217,Moderate,Bromus_ciliatus,1,1,1,1,1,1,1
tc1217,Moderate,Bromus_inermis,1,0,1,1,0,1,0
tc1217,Moderate,Calamagrostis_purpurascens,1,0,1,1,1,1,1
tc1217,Moderate,Campanula_rotundifolia,1,1,1,1,1,1,1
tc1217,Moderate,Carduus_nutans,0,0,0,0,1,1,1
tc1217,Moderate,Carex,1,1,1,1,1,1,1
tc1217,Moderate,Castilleja_miniata,0,0,1,1,1,1,1
tc1217,Moderate,Cercocarpus_montanus,1,1,0,0,1,1,1
tc1217,Moderate,Chamerion_angustifolium,0,1,1,1,1,1,1
tc1217,Moderate,Chenopodium,0,1,1,1,1,0,1
tc1217,Moderate,Cirsium_arvense,0,0,0,0,1,1,1
tc1217,Moderate,Cirsium_canescens,0,0,1,0,0,0,0
tc1217,Moderate,Cirsium_undulatum,0,0,0,1,0,0,0
tc1217,Moderate,Conyza_canadensis,0,1,0,1,1,1,1
tc1217,Moderate,Corydalis_aurea,1,1,1,0,1,0,0
tc1217,Moderate,Elymus_elymoides,1,1,1,1,1,1,1
tc1217,Moderate,Elymus_trachycaulus,1,1,1,0,1,1,1
tc1217,Moderate,Epilobium_brachycarpum,0,0,0,0,0,1,1
tc1217,Moderate,Erigeron_compositus,1,1,1,1,1,1,1
tc1217,Moderate,Erigeron_flagellaris,0,0,0,0,1,1,0
tc1217,Moderate,Erigeron_subtrinervis,0,1,1,1,1,1,1
tc1217,Moderate,Eriogonum_alatum,0,0,0,0,0,0,1
tc1217,Moderate,Erysimum_capitatum,1,1,1,1,1,1,1
tc1217,Moderate,Festuca_saximontana,1,0,0,0,0,0,0
tc1217,Moderate,Fragaria,1,1,1,1,1,1,1
tc1217,Moderate,Gentianella_amarella,0,0,1,1,1,1,0
tc1217,Moderate,Geranium_caespitosum,1,1,1,1,1,1,1
tc1217,Moderate,Heterotheca_villosa,0,1,0,1,1,1,1
tc1217,Moderate,Heuchera_parvifolia,0,0,1,1,1,0,0
tc1217,Moderate,Hieracium_fendleri,0,0,0,1,1,0,0
tc1217,Moderate,Hordeum_jubatum,0,0,1,1,0,1,0
tc1217,Moderate,Ipomopsis_aggregata,0,0,1,1,1,0,0
tc1217,Moderate,Juniperus_communis,1,1,1,1,1,1,1
tc1217,Moderate,Koeleria_macrantha,1,1,1,1,1,1,1
tc1217,Moderate,Lactuca_serriola,0,1,1,1,1,1,1
tc1217,Moderate,Laennecia_schiedeana,0,0,0,1,0,1,0
tc1217,Moderate,Linaria_vulgaris,0,0,1,0,0,1,1
tc1217,Moderate,Lithospermum_multiflorum,1,1,0,1,1,1,1
tc1217,Moderate,Machaeranthera_bigelovii,0,1,1,1,1,1,1
tc1217,Moderate,Maianthemum_stellatum,1,1,0,1,1,1,0
tc1217,Moderate,Mertensia_lanceolata,1,1,1,1,1,1,1
tc1217,Moderate,Muhlenbergia_montana,1,1,1,1,1,1,1
tc1217,Moderate,Noccaea_montana,0,0,1,1,1,1,1
tc1217,Moderate,Oenothera_villosa,0,1,1,1,1,0,1
tc1217,Moderate,Orthocarpus_luteus,0,1,0,1,0,0,0
tc1217,Moderate,Packera_fendleri,1,1,1,1,1,1,1
tc1217,Moderate,Penstemon_glaber,0,1,0,0,1,1,1
tc1217,Moderate,Penstemon_virens,1,1,1,1,1,1,1
tc1217,Moderate,Pericome_caudata,0,0,0,0,1,0,0
tc1217,Moderate,Phacelia_heterophylla,0,1,1,1,1,1,1
tc1217,Moderate,Phleum_pratense,0,0,1,0,1,1,0
tc1217,Moderate,Physocarpus_monogynus,0,0,0,0,0,0,1
tc1217,Moderate,Poa,0,0,0,0,0,1,0
tc1217,Moderate,Poa_fendleriana,1,1,1,1,1,1,1
tc1217,Moderate,Poa_reflexa,1,0,0,0,0,0,0
tc1217,Moderate,Potentilla_fissa,1,1,1,1,1,1,1
tc1217,Moderate,Potentilla_hippiana,1,1,1,1,1,1,1
tc1217,Moderate,Potentilla_norvegica,0,0,0,1,0,0,0
tc1217,Moderate,Pseudoroegneria_spicata,0,0,1,1,0,0,0
tc1217,Moderate,Pulsatilla_patens,1,1,1,1,1,1,1
tc1217,Moderate,Ribes_cereum,1,1,1,1,1,1,1
tc1217,Moderate,Ribes_inerme,1,0,0,1,1,1,1
tc1217,Moderate,Rosa,1,1,1,1,1,1,1
tc1217,Moderate,Rubus_deliciosus,0,0,1,1,1,1,1
tc1217,Moderate,Rubus_idaeus,0,1,1,1,1,1,1
tc1217,Moderate,Rudbeckia_hirta,1,0,0,0,0,0,0
tc1217,Moderate,Salix,0,0,1,1,1,1,0
tc1217,Moderate,Scutellaria_brittonii,0,1,0,0,0,0,0
tc1217,Moderate,Sedum_lanceolatum,1,1,1,1,1,1,1
tc1217,Moderate,Senecio_spartioides,0,0,0,1,1,1,0
tc1217,Moderate,Silene_antirrhina,0,1,1,0,0,0,1
tc1217,Moderate,Silene_scouleri,0,0,0,1,1,1,1
tc1217,Moderate,Solidago,1,1,1,1,1,1,1
tc1217,Moderate,Symphoricarpos_albus,0,0,0,1,0,1,1
tc1217,Moderate,Taraxacum_officinale,1,1,1,1,1,1,1
tc1217,Moderate,Tragopogon_dubius,0,0,1,1,1,1,1
tc1217,Moderate,unable_to_identify,1,1,1,0,1,0,0
tc1217,Moderate,Verbascum_thapsus,0,1,1,1,1,1,1
tc1217,Moderate,Viola_adunca,0,0,0,1,0,0,1
tc1222,Low,Achillea_millefolium,1,1,1,1,1,1,1
tc1222,Low,Aliciella_pinnatifida,0,0,1,1,0,1,1
tc1222,Low,Androsace_septentrionalis,1,1,1,1,0,1,0
tc1222,Low,Antennaria_parvifolia,1,1,1,1,1,1,1
tc1222,Low,Arabis_fendleri,1,1,1,1,1,1,1
tc1222,Low,Arctostaphylos_uva-ursi,1,1,1,1,1,1,1
tc1222,Low,Artemisia_campestris,1,1,1,1,1,1,1
tc1222,Low,Artemisia_frigida,1,1,1,1,1,1,1
tc1222,Low,Artemisia_ludoviciana,1,1,1,1,1,1,1
tc1222,Low,Bahia_dissecta,0,1,1,1,1,1,0
tc1222,Low,Bouteloua_gracilis,1,1,1,1,1,1,1
tc1222,Low,Campanula_rotundifolia,0,0,1,1,1,0,0
tc1222,Low,Carex,1,1,1,1,1,1,1
tc1222,Low,Cercocarpus_montanus,1,1,1,1,1,1,1
tc1222,Low,Chenopodium,0,1,1,1,1,1,1
tc1222,Low,Cirsium_undulatum,0,0,1,0,1,1,0
tc1222,Low,Collomia_linearis,1,0,0,0,0,0,0
tc1222,Low,Conyza_canadensis,0,0,0,0,0,1,0
tc1222,Low,Corydalis_aurea,0,1,0,0,0,0,0
tc1222,Low,Cryptantha_virgata,1,1,1,1,1,1,1
tc1222,Low,Erigeron_compositus,1,0,1,1,1,1,1
tc1222,Low,Erigeron_vetensis,0,0,1,0,0,0,0
tc1222,Low,Eriogonum_alatum,1,1,1,1,1,1,1
tc1222,Low,Eriogonum_umbellatum,0,0,1,0,0,0,0
tc1222,Low,Erysimum_capitatum,1,1,1,1,0,1,1
tc1222,Low,Fragaria,1,1,1,1,1,1,1
tc1222,Low,Geranium_caespitosum,1,1,1,1,1,1,1
tc1222,Low,Heterotheca_villosa,1,1,1,1,1,1,1
tc1222,Low,Hieracium_fendleri,0,0,0,0,0,0,1
tc1222,Low,Ipomopsis_aggregata,1,1,1,1,1,1,1
tc1222,Low,Juniperus_communis,1,0,0,0,0,0,0
tc1222,Low,Koeleria_macrantha,1,1,1,1,1,1,1
tc1222,Low,Lactuca_serriola,0,0,0,0,0,1,0
tc1222,Low,Laennecia_schiedeana,0,0,0,1,0,1,0
tc1222,Low,Machaeranthera_bigelovii,0,0,0,0,0,0,1
tc1222,Low,Mertensia_lanceolata,1,1,1,1,1,1,1
tc1222,Low,Muhlenbergia_montana,1,1,1,1,1,1,1
tc1222,Low,Noccaea_montana,0,1,1,1,1,1,1
tc1222,Low,Oenothera_caespitosa,0,0,1,1,1,1,0
tc1222,Low,Orthocarpus_luteus,0,1,0,0,0,0,0
tc1222,Low,Packera_fendleri,0,1,1,1,1,1,1
tc1222,Low,Paronychia_jamesii,0,1,1,1,1,1,1
tc1222,Low,Pediocactus_simpsonii,1,1,1,1,1,1,1
tc1222,Low,Penstemon_glaber,0,1,1,1,1,1,1
tc1222,Low,Penstemon_secundiflorus,1,1,1,1,1,1,1
tc1222,Low,Penstemon_virens,1,1,1,1,1,1,1
tc1222,Low,Phacelia_heterophylla,1,1,1,1,1,1,0
tc1222,Low,Poa_fendleriana,0,1,0,1,0,1,1
tc1222,Low,Potentilla_fissa,1,1,1,1,1,1,1
tc1222,Low,Pulsatilla_patens,1,1,1,1,1,1,1
tc1222,Low,Ribes_cereum,1,1,1,1,1,1,1
tc1222,Low,Rubus_deliciosus,0,1,1,1,1,1,1
tc1222,Low,Rubus_idaeus,0,1,0,1,0,0,0
tc1222,Low,Schizachyrium_scoparium,1,1,1,1,1,1,1
tc1222,Low,Scutellaria_brittonii,1,1,1,1,1,1,1
tc1222,Low,Sedum_lanceolatum,1,1,1,1,1,1,1
tc1222,Low,Silene_antirrhina,0,1,1,0,0,1,0
tc1222,Low,Silene_scouleri,0,0,0,1,1,1,0
tc1222,Low,Solanum_triflorum,1,0,0,0,0,0,0
tc1222,Low,Solidago,1,1,1,1,1,1,1
tc1222,Low,Symphyotrichum_porteri,0,1,0,1,1,1,1
tc1222,Low,Triticosecale_rimpaui,0,1,0,1,0,0,0
tc1222,Low,Triticosecale_rimpaui_dead,0,0,1,0,0,0,0
tc1222,Low,unable_to_identify,0,0,0,1,1,1,0
tc1222,Low,Verbascum_thapsus,0,1,1,1,0,1,1
tc1222,Low,Yucca_glauca,1,1,1,1,1,1,1
tc1314,Moderate,Achillea_millefolium,1,1,1,1,1,1,1
tc1314,Moderate,Allium_cernuum,1,0,0,1,0,1,1
tc1314,Moderate,Androsace_septentrionalis,0,1,1,1,1,1,1
tc1314,Moderate,Antennaria_parvifolia,1,1,1,1,1,1,1
tc1314,Moderate,Arabis_fendleri,1,1,1,1,1,1,1
tc1314,Moderate,Arctostaphylos_uva-ursi,1,1,1,1,1,1,0
tc1314,Moderate,Artemisia_frigida,1,1,1,1,1,1,1
tc1314,Moderate,Artemisia_ludoviciana,1,1,1,1,1,1,1
tc1314,Moderate,Bahia_dissecta,0,0,0,1,1,1,1
tc1314,Moderate,Bouteloua_gracilis,1,1,1,1,1,1,1
tc1314,Moderate,Bromus_ciliatus,0,0,0,0,0,0,1
tc1314,Moderate,Bromus_inermis,0,0,0,0,0,1,1
tc1314,Moderate,Calamagrostis_purpurascens,0,0,0,0,0,0,1
tc1314,Moderate,Campanula_rotundifolia,0,0,0,0,0,0,1
tc1314,Moderate,Carduus_nutans,0,0,0,1,0,0,0
tc1314,Moderate,Carex,1,1,1,1,1,1,1
tc1314,Moderate,Cercocarpus_montanus,1,1,1,1,1,1,1
tc1314,Moderate,Chenopodium,0,1,1,1,1,1,1
tc1314,Moderate,Cirsium_arvense,0,0,1,0,1,1,1
tc1314,Moderate,Conyza_canadensis,0,1,1,1,1,1,1
tc1314,Moderate,Corydalis_aurea,0,1,1,0,1,0,1
tc1314,Moderate,Elymus_elymoides,1,1,1,1,1,1,1
tc1314,Moderate,Elymus_trachycaulus,1,0,0,0,0,0,0
tc1314,Moderate,Erigeron_compositus,1,1,1,1,1,1,1
tc1314,Moderate,Erigeron_divergens,0,0,0,1,0,1,0
tc1314,Moderate,Erigeron_subtrinervis,0,0,0,0,0,0,1
tc1314,Moderate,Erigeron_vetensis,0,0,1,0,0,0,0
tc1314,Moderate,Eriogonum_alatum,0,1,1,1,1,1,1
tc1314,Moderate,Erysimum_capitatum,1,1,1,1,1,1,0
tc1314,Moderate,Festuca_saximontana,0,0,0,0,0,1,0
tc1314,Moderate,Geranium_caespitosum,1,1,1,1,1,1,1
tc1314,Moderate,Heterotheca_villosa,1,1,1,1,1,1,1
tc1314,Moderate,Hieracium_fendleri,0,1,0,1,1,1,0
tc1314,Moderate,Hordeum_jubatum,0,0,0,0,0,1,0
tc1314,Moderate,Ipomopsis_aggregata,0,1,1,1,0,1,1
tc1314,Moderate,Koeleria_macrantha,0,1,0,1,1,1,1
tc1314,Moderate,Lactuca_serriola,0,1,1,1,1,1,1
tc1314,Moderate,Laennecia_schiedeana,0,0,0,1,0,1,0
tc1314,Moderate,Leucocrinum_montanum,1,0,0,0,0,0,0
tc1314,Moderate,Linaria_vulgaris,0,0,1,0,0,0,1
tc1314,Moderate,Lithospermum_multiflorum,1,1,0,0,1,1,0
tc1314,Moderate,Machaeranthera_bigelovii,0,0,1,1,1,1,1
tc1314,Moderate,Mentzelia_speciosa,0,0,0,1,0,0,0
tc1314,Moderate,Mertensia_lanceolata,1,1,1,1,1,1,1
tc1314,Moderate,Muhlenbergia_montana,1,1,1,1,1,1,1
tc1314,Moderate,Noccaea_montana,0,1,1,1,1,1,1
tc1314,Moderate,Oenothera_caespitosa,1,0,0,0,0,0,0
tc1314,Moderate,Packera_fendleri,1,1,0,1,1,1,1
tc1314,Moderate,Pediocactus_simpsonii,1,0,0,0,0,0,0
tc1314,Moderate,Penstemon_glaber,0,0,1,1,1,1,1
tc1314,Moderate,Penstemon_secundiflorus,1,1,1,1,1,1,1
tc1314,Moderate,Penstemon_virens,1,1,1,1,1,1,1
tc1314,Moderate,Phacelia_heterophylla,0,0,0,1,0,0,1
tc1314,Moderate,Poa,0,0,0,0,0,1,0
tc1314,Moderate,Poa_fendleriana,0,1,0,1,1,1,1
tc1314,Moderate,Poa_pratensis,1,0,0,0,0,0,0
tc1314,Moderate,Potentilla_fissa,1,1,1,1,1,1,1
tc1314,Moderate,Potentilla_hippiana,1,1,1,1,1,1,1
tc1314,Moderate,Pseudognaphalium_macounii,0,0,0,0,1,0,0
tc1314,Moderate,Pulsatilla_patens,1,1,1,1,1,1,1
tc1314,Moderate,Ribes_cereum,1,1,1,1,1,1,1
tc1314,Moderate,Rubus_idaeus,1,0,0,0,1,1,1
tc1314,Moderate,Schizachyrium_scoparium,1,1,1,1,1,0,1
tc1314,Moderate,Sedum_lanceolatum,1,1,1,1,1,1,1
tc1314,Moderate,Senecio_eremophilus,0,0,0,1,0,1,0
tc1314,Moderate,Senecio_spartioides,0,0,1,1,1,1,1
tc1314,Moderate,Silene_scouleri,0,0,0,1,1,1,1
tc1314,Moderate,Solidago,0,1,0,1,1,1,1
tc1314,Moderate,Symphyotrichum_porteri,0,0,1,0,0,0,0
tc1314,Moderate,Taraxacum_officinale,0,0,1,1,1,1,1
tc1314,Moderate,Townsendia_grandiflora,0,1,0,1,1,1,1
tc1314,Moderate,Tragopogon_dubius,0,0,0,0,0,1,0
tc1314,Moderate,Verbascum_thapsus,0,1,1,1,1,1,1
tc1314,Moderate,Yucca_glauca,1,1,1,1,1,1,1
tc1421,Moderate,Achillea_millefolium,1,1,1,1,1,1,1
tc1421,Moderate,Agrostis_scabra,0,0,1,0,1,0,0
tc1421,Moderate,Allium_cernuum,1,1,1,1,1,1,1
tc1421,Moderate,Androsace_septentrionalis,1,1,1,1,0,1,1
tc1421,Moderate,Antennaria_neglecta,0,0,0,1,1,1,1
tc1421,Moderate,Antennaria_parvifolia,1,1,1,1,1,1,1
tc1421,Moderate,Aquilegia_coerulea,0,1,0,0,1,0,0
tc1421,Moderate,Arabis_fendleri,1,1,1,1,1,1,1
tc1421,Moderate,Arctostaphylos_uva-ursi,1,1,1,1,1,1,1
tc1421,Moderate,Arenaria_hookeri,1,0,0,0,0,0,0
tc1421,Moderate,Artemisia_campestris,1,1,1,1,1,1,1
tc1421,Moderate,Artemisia_frigida,0,0,0,0,1,1,0
tc1421,Moderate,Artemisia_ludoviciana,1,1,1,1,1,1,1
tc1421,Moderate,Astragalus_miser,1,1,1,1,1,1,1
tc1421,Moderate,Bahia_dissecta,0,1,1,1,1,1,1
tc1421,Moderate,Besseya_plantaginea,0,1,1,1,1,1,1
tc1421,Moderate,Bouteloua_gracilis,1,1,0,0,0,0,0
tc1421,Moderate,Brickellia_eupatorioides,0,0,1,0,0,0,0
tc1421,Moderate,Bromus_ciliatus,0,0,1,0,0,0,1
tc1421,Moderate,Calamagrostis_purpurascens,1,1,1,1,1,1,1
tc1421,Moderate,Campanula_rotundifolia,1,1,1,1,1,1,1
tc1421,Moderate,Carex,1,1,1,1,1,1,1
tc1421,Moderate,Cercocarpus_montanus,1,1,1,1,1,1,1
tc1421,Moderate,Chamerion_angustifolium,0,1,1,1,0,1,1
tc1421,Moderate,Chenopodium,0,1,1,1,1,1,1
tc1421,Moderate,Cirsium_arvense,0,1,1,1,0,1,0
tc1421,Moderate,Clematis_columbiana,1,1,1,1,1,1,1
tc1421,Moderate,Conyza_canadensis,0,1,0,1,1,1,1
tc1421,Moderate,Corydalis_aurea,0,1,1,0,0,1,0
tc1421,Moderate,Elymus_elymoides,0,1,1,0,1,1,1
tc1421,Moderate,Erigeron_compositus,1,1,1,1,1,1,1
tc1421,Moderate,Erigeron_flagellaris,0,0,1,0,1,0,0
tc1421,Moderate,Erigeron_subtrinervis,0,1,1,1,1,1,1
tc1421,Moderate,Erigeron_vetensis,1,1,1,1,1,1,1
tc1421,Moderate,Eriogonum_alatum,0,1,1,0,0,0,0
tc1421,Moderate,Erysimum_capitatum,0,1,1,1,1,1,1
tc1421,Moderate,Festuca_saximontana,0,0,0,0,0,1,1
tc1421,Moderate,Fragaria,1,1,1,1,1,1,1
tc1421,Moderate,Geranium_caespitosum,1,1,1,1,1,1,1
tc1421,Moderate,Heterotheca_villosa,0,0,1,1,1,1,1
tc1421,Moderate,Heuchera_parvifolia,0,0,1,0,0,0,0
tc1421,Moderate,Hieracium_fendleri,0,0,0,1,0,0,0
tc1421,Moderate,Ipomopsis_aggregata,0,1,0,1,0,0,0
tc1421,Moderate,Juniperus_communis,1,1,1,1,0,1,1
tc1421,Moderate,Koeleria_macrantha,1,1,1,1,1,1,1
tc1421,Moderate,Lactuca_serriola,0,1,0,1,1,1,0
tc1421,Moderate,Laennecia_schiedeana,0,0,0,0,0,1,1
tc1421,Moderate,Linaria_vulgaris,1,1,1,1,1,0,1
tc1421,Moderate,Lithospermum_multiflorum,1,0,0,1,1,1,1
tc1421,Moderate,Machaeranthera_bigelovii,0,1,1,1,1,1,1
tc1421,Moderate,Mertensia_lanceolata,1,1,1,1,1,1,1
tc1421,Moderate,Muhlenbergia_montana,1,1,1,1,1,0,1
tc1421,Moderate,Noccaea_montana,1,1,1,1,1,1,1
tc1421,Moderate,Oenothera_villosa,0,0,1,1,1,1,1
tc1421,Moderate,Oreochrysum_parryi,0,0,0,0,0,0,1
tc1421,Moderate,Orthocarpus_luteus,0,0,1,0,0,0,0
tc1421,Moderate,Packera_fendleri,1,1,1,1,1,1,1
tc1421,Moderate,Paronychia_jamesii,1,0,0,0,0,0,0
tc1421,Moderate,Penstemon_glaber,0,0,1,1,1,1,1
tc1421,Moderate,Penstemon_virens,0,0,0,1,0,1,1
tc1421,Moderate,Phacelia_heterophylla,0,1,1,1,1,1,1
tc1421,Moderate,Poa_annua,1,0,0,0,0,0,0
tc1421,Moderate,Poa_fendleriana,0,1,1,1,1,1,1
tc1421,Moderate,Potentilla_fissa,1,1,1,1,1,1,1
tc1421,Moderate,Potentilla_hippiana,0,1,1,1,1,1,1
tc1421,Moderate,Prunus_virginiana,0,1,0,0,0,0,0
tc1421,Moderate,Pulsatilla_patens,1,1,1,1,1,1,1
tc1421,Moderate,Ribes_cereum,1,1,1,1,1,1,1
tc1421,Moderate,Ribes_inerme,0,0,0,0,0,0,1
tc1421,Moderate,Rosa,1,1,1,1,1,1,1
tc1421,Moderate,Rubus_deliciosus,0,1,0,1,0,0,0
tc1421,Moderate,Rubus_idaeus,0,1,1,1,1,1,1
tc1421,Moderate,Saxifraga_bronchialis,0,0,1,1,0,0,1
tc1421,Moderate,Sedum_lanceolatum,1,1,1,1,1,1,1
tc1421,Moderate,Senecio_eremophilus,0,0,0,1,1,0,0
tc1421,Moderate,Senecio_spartioides,0,0,0,1,0,0,0
tc1421,Moderate,Silene_antirrhina,0,1,0,0,0,0,0
tc1421,Moderate,Silene_scouleri,1,0,1,1,1,1,1
tc1421,Moderate,Solidago,1,1,1,1,1,1,1
tc1421,Moderate,Symphoricarpos_albus,1,0,1,0,1,1,1
tc1421,Moderate,Symphyotrichum_porteri,0,0,0,1,1,0,1
tc1421,Moderate,Taraxacum_officinale,1,1,1,1,1,1,1
tc1421,Moderate,Tragopogon_dubius,0,0,0,1,0,1,1
tc1421,Moderate,Triticosecale_rimpaui,0,1,0,0,0,0,0
tc1421,Moderate,Triticosecale_rimpaui_dead,0,0,1,0,0,0,0
tc1421,Moderate,unable_to_identify,1,1,0,0,1,1,0
tc1421,Moderate,Verbascum_thapsus,0,1,1,1,1,1,1
tc1626,Low,Achillea_millefolium,1,1,1,1,1,1,1
tc1626,Low,Aliciella_pinnatifida,0,0,0,0,0,1,0
tc1626,Low,Allium_cernuum,1,1,0,1,1,1,0
tc1626,Low,Androsace_septentrionalis,0,0,1,0,0,1,0
tc1626,Low,Antennaria_parvifolia,1,1,1,1,1,1,1
tc1626,Low,Aquilegia_coerulea,0,1,0,0,0,0,0
tc1626,Low,Arabis_fendleri,1,1,1,1,1,1,1
tc1626,Low,Arctostaphylos_uva-ursi,1,1,1,1,1,1,1
tc1626,Low,Artemisia_campestris,1,1,1,1,1,1,1
tc1626,Low,Artemisia_frigida,1,1,1,1,1,1,1
tc1626,Low,Artemisia_ludoviciana,1,1,1,1,1,1,1
tc1626,Low,Bahia_dissecta,0,0,1,1,0,1,1
tc1626,Low,Bouteloua_gracilis,1,1,1,1,1,1,1
tc1626,Low,Brickellia_grandiflora,1,1,1,0,0,0,1
tc1626,Low,Bromus_ciliatus,1,0,0,0,0,1,1
tc1626,Low,Bromus_inermis,0,0,0,0,0,0,1
tc1626,Low,Campanula_rotundifolia,0,1,1,0,0,0,1
tc1626,Low,Carex,1,1,1,1,1,1,1
tc1626,Low,Cercocarpus_montanus,1,1,1,1,1,1,1
tc1626,Low,Chenopodium,1,1,1,1,0,1,1
tc1626,Low,Cirsium_arvense,0,0,0,1,0,0,0
tc1626,Low,Cirsium_undulatum,0,0,0,0,1,1,1
tc1626,Low,Conyza_canadensis,0,0,0,0,0,1,0
tc1626,Low,Corydalis_aurea,0,1,0,0,0,0,0
tc1626,Low,Cryptantha_virgata,0,1,1,1,1,1,1
tc1626,Low,Descurainia,0,1,0,0,0,1,0
tc1626,Low,Elymus_elymoides,1,1,1,1,1,1,1
tc1626,Low,Ericameria_nauseosa,1,0,0,0,1,1,1
tc1626,Low,Erigeron_compositus,1,0,0,0,1,1,0
tc1626,Low,Erigeron_subtrinervis,0,0,0,0,0,0,1
tc1626,Low,Erigeron_vetensis,0,1,0,0,0,0,0
tc1626,Low,Eriogonum_alatum,1,1,1,1,1,1,1
tc1626,Low,Erysimum_capitatum,1,1,1,1,1,1,1
tc1626,Low,Euphorbia_brachycera,1,0,0,0,1,1,0
tc1626,Low,Gayophytum_diffusum,1,0,0,0,0,0,0
tc1626,Low,Geranium_caespitosum,1,1,1,1,1,1,1
tc1626,Low,Heterotheca_villosa,1,1,1,1,1,1,1
tc1626,Low,Hieracium_fendleri,0,0,0,0,0,0,1
tc1626,Low,Ipomopsis_aggregata,1,1,1,1,1,1,0
tc1626,Low,Koeleria_macrantha,1,1,1,1,0,1,1
tc1626,Low,Lactuca_serriola,0,1,0,0,0,0,0
tc1626,Low,Laennecia_schiedeana,0,0,0,1,0,1,1
tc1626,Low,Lithospermum_multiflorum,0,0,0,1,0,0,0
tc1626,Low,Machaeranthera_bigelovii,0,0,0,0,0,0,1
tc1626,Low,Mertensia_lanceolata,1,1,1,1,1,1,1
tc1626,Low,Muhlenbergia_montana,1,1,1,1,1,1,1
tc1626,Low,Noccaea_montana,1,1,1,1,0,1,0
tc1626,Low,Oenothera_caespitosa,0,1,0,0,0,1,0
tc1626,Low,Oenothera_villosa,1,0,1,1,0,0,0
tc1626,Low,Packera_fendleri,1,1,1,1,1,1,1
tc1626,Low,Pediocactus_simpsonii,0,1,1,1,1,1,1
tc1626,Low,Penstemon_glaber,1,0,1,1,1,1,1
tc1626,Low,Penstemon_secundiflorus,1,0,0,1,1,1,1
tc1626,Low,Penstemon_virens,1,1,1,1,1,1,1
tc1626,Low,Phacelia_heterophylla,1,1,1,1,1,1,1
tc1626,Low,Poa_fendleriana,1,1,1,1,1,1,1
tc1626,Low,Potentilla_fissa,1,1,1,1,1,1,1
tc1626,Low,Potentilla_hippiana,1,0,0,0,0,1,1
tc1626,Low,Ribes_cereum,1,0,0,1,1,1,1
tc1626,Low,Ribes_inerme,1,0,0,0,0,0,0
tc1626,Low,Schizachyrium_scoparium,1,1,0,0,1,1,0
tc1626,Low,Scutellaria_brittonii,1,1,1,1,1,1,1
tc1626,Low,Silene_antirrhina,0,1,1,0,0,0,0
tc1626,Low,Silene_scouleri,0,0,0,1,0,1,1
tc1626,Low,Solidago,1,1,1,1,1,0,1
tc1626,Low,Taraxacum_officinale,0,0,0,0,0,1,1
tc1626,Low,Townsendia_grandiflora,1,1,1,1,1,0,1
tc1626,Low,Tragopogon_dubius,0,0,0,0,0,0,1
tc1626,Low,Triticosecale_rimpaui,0,1,0,0,0,0,0
tc1626,Low,unable_to_identify,1,0,1,0,0,1,0
tc1626,Low,Verbascum_thapsus,1,1,1,1,1,1,1
tc1626,Low,Yucca_glauca,1,1,1,1,1,1,1
tc1922,Low,Achillea_millefolium,1,1,1,1,1,1,1
tc1922,Low,Achnatherum_scribneri,1,0,0,1,1,1,0
tc1922,Low,Agropyron_cristatum,0,0,1,0,0,0,0
tc1922,Low,Allium_cernuum,0,1,0,0,0,1,1
tc1922,Low,Androsace_septentrionalis,0,0,0,0,0,1,1
tc1922,Low,Antennaria_parvifolia,0,1,1,1,1,1,1
tc1922,Low,Apocynum_androsaemifolium,0,0,1,0,0,0,0
tc1922,Low,Arabis_fendleri,0,1,1,1,1,1,1
tc1922,Low,Arctostaphylos_uva-ursi,1,1,1,1,1,1,1
tc1922,Low,Artemisia_campestris,1,1,1,1,1,1,1
tc1922,Low,Artemisia_frigida,1,1,1,1,1,1,1
tc1922,Low,Artemisia_ludoviciana,1,1,1,1,1,1,1
tc1922,Low,Astragalus_alpinus,0,1,0,0,0,0,0
tc1922,Low,Astragalus_parryi,1,0,1,1,1,1,0
tc1922,Low,Bahia_dissecta,0,1,1,1,1,1,1
tc1922,Low,Bouteloua_gracilis,1,1,1,1,1,1,1
tc1922,Low,Bromus_ciliatus,1,1,1,1,1,1,1
tc1922,Low,Bromus_inermis,0,0,0,0,0,0,1
tc1922,Low,Bromus_tectorum,0,0,0,0,0,1,0
tc1922,Low,Campanula_rotundifolia,0,1,1,1,1,1,1
tc1922,Low,Carduus/Cirsium,0,1,0,0,0,0,0
tc1922,Low,Carduus_nutans,0,0,0,1,0,0,0
tc1922,Low,Carex,1,1,1,1,1,1,1
tc1922,Low,Cercocarpus_montanus,1,1,1,1,1,1,1
tc1922,Low,Chenopodium,1,1,1,1,1,1,0
tc1922,Low,Cirsium_arvense,0,1,0,0,0,0,0
tc1922,Low,Cirsium_canescens,0,0,1,1,0,1,0
tc1922,Low,Cirsium_undulatum,0,0,1,0,0,0,1
tc1922,Low,Conyza_canadensis,0,0,0,0,0,1,1
tc1922,Low,Corydalis_aurea,0,1,1,0,0,0,0
tc1922,Low,Cryptantha_virgata,1,1,1,1,1,0,1
tc1922,Low,Cystopteris_fragilis,1,0,0,1,1,1,0
tc1922,Low,Descurainia,0,0,0,0,0,0,1
tc1922,Low,Elymus_elymoides,0,1,1,1,1,1,1
tc1922,Low,Erigeron_compositus,1,0,0,0,1,0,0
tc1922,Low,Erigeron_flagellaris,0,1,0,0,0,1,0
tc1922,Low,Erigeron_subtrinervis,0,1,0,0,1,1,1
tc1922,Low,Erigeron_vetensis,0,1,0,1,1,1,0
tc1922,Low,Eriogonum_alatum,1,1,0,1,1,1,1
tc1922,Low,Erysimum_capitatum,1,1,1,1,0,0,1
tc1922,Low,Euphorbia_brachycera,0,1,0,1,1,1,1
tc1922,Low,Geranium_caespitosum,1,1,1,1,1,1,1
tc1922,Low,Hesperostipa_comata,0,0,0,0,0,0,1
tc1922,Low,Heterotheca_villosa,1,1,1,1,1,1,1
tc1922,Low,Hieracium_fendleri,1,0,0,0,1,0,0
tc1922,Low,Ipomopsis_aggregata,0,1,1,1,1,0,1
tc1922,Low,Juniperus_communis,1,0,0,0,0,0,0
tc1922,Low,Koeleria_macrantha,0,1,0,0,1,1,1
tc1922,Low,Leucocrinum_montanum,0,0,0,1,1,0,0
tc1922,Low,Lithospermum_multiflorum,1,1,1,1,1,1,1
tc1922,Low,Machaeranthera_bigelovii,0,1,1,1,1,1,1
tc1922,Low,Mentzelia_speciosa,0,0,0,1,0,1,1
tc1922,Low,Mertensia_lanceolata,1,1,1,1,1,1,1
tc1922,Low,Muhlenbergia_montana,1,1,1,1,1,1,1
tc1922,Low,Noccaea_montana,1,1,0,0,0,0,1
tc1922,Low,Oenothera_caespitosa,1,1,1,1,1,1,1
tc1922,Low,Oxytropis,1,0,0,0,0,0,0
tc1922,Low,Oxytropis_lambertii,0,0,0,0,0,0,1
tc1922,Low,Oxytropis_multiceps,0,0,0,0,0,0,1
tc1922,Low,Packera_fendleri,1,1,1,1,1,0,0
tc1922,Low,Pediocactus_simpsonii,1,1,1,1,1,1,1
tc1922,Low,Penstemon_glaber,1,0,1,1,1,1,0
tc1922,Low,Penstemon_secundiflorus,1,1,1,1,1,1,1
tc1922,Low,Penstemon_virens,1,1,1,1,1,1,1
tc1922,Low,Phacelia_heterophylla,1,1,1,1,1,1,1
tc1922,Low,Poa_fendleriana,1,1,1,1,1,1,1
tc1922,Low,Poa_pratensis,1,0,0,0,0,0,0
tc1922,Low,Potentilla_fissa,1,1,1,1,1,1,1
tc1922,Low,Potentilla_hippiana,0,1,1,1,1,1,1
tc1922,Low,Pulsatilla_patens,1,1,0,1,1,1,1
tc1922,Low,Ribes_cereum,1,1,0,1,1,1,0
tc1922,Low,Rosa,1,1,1,1,1,1,1
tc1922,Low,Rubus_deliciosus,0,1,0,1,0,1,0
tc1922,Low,Rubus_idaeus,1,1,1,1,1,1,1
tc1922,Low,Rudbeckia_hirta,1,0,0,0,0,0,0
tc1922,Low,Schizachyrium_scoparium,1,1,1,1,1,1,1
tc1922,Low,Scutellaria_brittonii,1,1,0,0,0,0,1
tc1922,Low,Sedum_lanceolatum,1,0,1,1,1,0,1
tc1922,Low,Senecio_spartioides,0,0,0,0,1,1,0
tc1922,Low,Silene_antirrhina,0,1,0,0,0,1,0
tc1922,Low,Silene_scouleri,0,0,1,1,1,0,0
tc1922,Low,Solidago,1,0,0,0,0,0,0
tc1922,Low,Symphoricarpos_albus,1,0,0,1,1,1,1
tc1922,Low,Symphyotrichum_porteri,0,1,0,1,1,1,1
tc1922,Low,Taraxacum_officinale,0,0,0,0,0,0,1
tc1922,Low,Townsendia_grandiflora,1,0,1,1,1,0,0
tc1922,Low,Tragopogon_dubius,1,0,0,1,0,1,0
tc1922,Low,Triticosecale_rimpaui,0,1,0,1,0,0,0
tc1922,Low,Verbascum_thapsus,1,1,1,1,1,1,1
tc1922,Low,Yucca_glauca,1,1,1,1,1,1,1
tc1925,Low,Achillea_millefolium,1,1,1,1,1,1,1
tc1925,Low,Achnatherum_hymenoides,0,0,0,1,0,0,0
tc1925,Low,Aliciella_pinnatifida,1,0,1,1,1,1,1
tc1925,Low,Allium_cernuum,0,0,1,0,0,1,1
tc1925,Low,Androsace_septentrionalis,0,1,1,1,0,1,0
tc1925,Low,Antennaria_neglecta,0,0,0,1,0,0,0
tc1925,Low,Antennaria_parvifolia,1,1,1,1,1,1,1
tc1925,Low,Arabis_fendleri,1,1,1,1,1,1,1
tc1925,Low,Arctostaphylos_uva-ursi,1,1,1,1,1,1,1
tc1925,Low,Artemisia_campestris,1,1,1,1,1,1,1
tc1925,Low,Artemisia_frigida,1,1,1,1,1,1,1
tc1925,Low,Artemisia_ludoviciana,1,1,1,1,1,1,1
tc1925,Low,Bahia_dissecta,1,0,1,1,1,1,1
tc1925,Low,Bouteloua_gracilis,1,1,1,1,1,1,1
tc1925,Low,Bromus_ciliatus,1,1,1,0,1,1,1
tc1925,Low,Campanula_rotundifolia,1,1,1,1,1,1,1
tc1925,Low,Carex,1,1,1,1,1,1,1
tc1925,Low,Castilleja_integra,0,0,0,0,0,0,1
tc1925,Low,Castilleja_miniata,0,0,0,0,0,1,0
tc1925,Low,Cercocarpus_montanus,1,1,1,1,1,1,1
tc1925,Low,Chaenactis_douglasii,0,0,0,0,0,1,0
tc1925,Low,Chenopodium,1,1,1,1,0,1,0
tc1925,Low,Conyza_canadensis,0,0,0,0,0,1,0
tc1925,Low,Corydalis_aurea,1,1,1,0,0,1,0
tc1925,Low,Cryptantha_virgata,1,1,1,1,0,0,0
tc1925,Low,Elymus_elymoides,0,1,1,1,1,1,1
tc1925,Low,Elymus_trachycaulus,1,0,0,0,0,0,0
tc1925,Low,Epilobium,0,0,0,0,0,1,0
tc1925,Low,Erigeron_compositus,1,0,0,0,0,0,1
tc1925,Low,Erigeron_subtrinervis,0,1,1,1,0,0,1
tc1925,Low,Erysimum_capitatum,1,0,1,0,1,0,1
tc1925,Low,Euphorbia_brachycera,1,1,0,1,0,0,1
tc1925,Low,Festuca_saximontana,0,0,0,0,0,1,0
tc1925,Low,Fragaria,1,0,0,0,0,0,0
tc1925,Low,Geranium_caespitosum,1,1,1,1,1,1,1
tc1925,Low,Heterotheca_villosa,1,1,1,1,1,1,1
tc1925,Low,Hieracium_fendleri,0,0,0,0,0,0,1
tc1925,Low,Ipomopsis_aggregata,1,1,1,1,1,1,1
tc1925,Low,Jamesia_americana,1,1,1,1,1,1,1
tc1925,Low,Koeleria_macrantha,1,1,1,1,1,1,1
tc1925,Low,Lactuca_serriola,0,0,0,0,0,1,0
tc1925,Low,Laennecia_schiedeana,0,0,0,0,0,1,0
tc1925,Low,Machaeranthera_bigelovii,0,0,1,1,1,1,0
tc1925,Low,Mentzelia_speciosa,0,0,1,1,1,0,0
tc1925,Low,Mertensia_ciliata,1,0,0,0,0,0,0
tc1925,Low,Mertensia_lanceolata,1,1,1,1,1,1,1
tc1925,Low,Muhlenbergia_montana,1,1,1,1,1,1,1
tc1925,Low,Oenothera_caespitosa,0,1,1,1,0,1,1
tc1925,Low,Packera_fendleri,1,1,1,1,1,1,1
tc1925,Low,Penstemon_glaber,0,1,1,1,1,1,1
tc1925,Low,Penstemon_secundiflorus,1,1,1,1,1,1,1
tc1925,Low,Penstemon_virens,1,1,1,1,1,1,1
tc1925,Low,Phacelia_heterophylla,1,1,1,1,1,1,1
tc1925,Low,Poa_fendleriana,0,1,0,1,1,1,0
tc1925,Low,Potentilla_fissa,1,1,1,1,1,1,1
tc1925,Low,Potentilla_hippiana,1,1,1,1,1,1,1
tc1925,Low,Prunus_virginiana,0,0,0,0,0,1,0
tc1925,Low,Ribes_cereum,1,1,1,1,1,1,1
tc1925,Low,Rosa,1,0,0,0,0,0,0
tc1925,Low,Rubus_deliciosus,1,1,1,1,1,1,1
tc1925,Low,Rubus_idaeus,1,1,1,1,1,1,1
tc1925,Low,Rudbeckia_hirta,1,0,0,0,0,0,0
tc1925,Low,Schizachyrium_scoparium,1,1,1,1,1,0,1
tc1925,Low,Scutellaria_brittonii,1,1,1,1,1,1,1
tc1925,Low,Senecio_spartioides,0,0,0,1,1,1,0
tc1925,Low,Silene_scouleri,0,0,0,1,0,0,1
tc1925,Low,Solidago,1,1,1,1,1,1,1
tc1925,Low,Symphoricarpos_albus,0,1,1,1,1,1,1
tc1925,Low,Symphyotrichum_porteri,0,0,1,0,0,0,0
tc1925,Low,Taraxacum_officinale,1,0,1,0,0,0,0
tc1925,Low,Townsendia_grandiflora,1,1,1,1,1,1,1
tc1925,Low,Triticosecale_rimpaui,0,1,1,1,0,0,0
tc1925,Low,Triticosecale_rimpaui_dead,0,0,1,0,0,0,0
tc1925,Low,unable_to_identify,1,0,0,1,0,1,0
tc1925,Low,Verbascum_thapsus,1,1,1,1,1,1,1
tc1925,Low,Yucca_glauca,1,1,1,1,1,1,1
tc2023,Moderate,Achillea_millefolium,1,1,1,1,1,1,1
tc2023,Moderate,Allium_cernuum,1,1,1,1,1,1,0
tc2023,Moderate,Androsace_septentrionalis,0,1,1,1,1,1,1
tc2023,Moderate,Antennaria_neglecta,0,0,0,1,0,0,1
tc2023,Moderate,Antennaria_parvifolia,1,1,1,1,1,1,1
tc2023,Moderate,Apocynum_androsaemifolium,1,1,1,0,0,1,0
tc2023,Moderate,Arabis_fendleri,1,1,1,1,1,1,1
tc2023,Moderate,Arctostaphylos_uva-ursi,1,1,1,1,1,1,1
tc2023,Moderate,Artemisia_campestris,0,1,0,0,1,1,1
tc2023,Moderate,Artemisia_frigida,1,1,1,1,1,1,1
tc2023,Moderate,Artemisia_ludoviciana,1,1,1,1,1,1,1
tc2023,Moderate,Bahia_dissecta,0,0,0,1,1,1,1
tc2023,Moderate,Besseya_plantaginea,1,1,1,1,1,1,1
tc2023,Moderate,Bouteloua_gracilis,1,0,0,1,0,0,1
tc2023,Moderate,Calamagrostis_purpurascens,1,1,0,0,1,0,1
tc2023,Moderate,Campanula_rotundifolia,1,1,1,1,1,1,1
tc2023,Moderate,Carex,1,1,1,1,1,1,1
tc2023,Moderate,Chamerion_angustifolium,0,0,0,0,0,0,1
tc2023,Moderate,Chenopodium,0,1,1,1,1,1,0
tc2023,Moderate,Cirsium_arvense,0,1,1,1,1,1,1
tc2023,Moderate,Clematis_columbiana,1,1,1,1,1,1,1
tc2023,Moderate,Conyza_canadensis,0,0,0,1,1,1,1
tc2023,Moderate,Corydalis_aurea,0,1,1,0,0,0,0
tc2023,Moderate,Descurainia_incana,0,0,0,0,0,1,0
tc2023,Moderate,Elymus_elymoides,0,0,0,0,0,0,1
tc2023,Moderate,Elymus_trachycaulus,0,0,0,0,1,0,1
tc2023,Moderate,Epilobium_brachycarpum,0,0,0,0,1,1,1
tc2023,Moderate,Ericameria_nauseosa,0,0,0,0,1,0,0
tc2023,Moderate,Erigeron_compositus,1,1,1,1,1,1,1
tc2023,Moderate,Erigeron_divergens,0,0,0,1,0,1,1
tc2023,Moderate,Erigeron_subtrinervis,0,0,0,0,0,1,0
tc2023,Moderate,Erigeron_vetensis,0,0,0,0,1,0,0
tc2023,Moderate,Eriogonum_alatum,1,0,1,1,1,0,0
tc2023,Moderate,Eriogonum_umbellatum,0,0,0,0,1,0,0
tc2023,Moderate,Erysimum_capitatum,0,1,1,0,1,1,1
tc2023,Moderate,Geranium_caespitosum,1,1,1,1,1,1,1
tc2023,Moderate,Heterotheca_villosa,1,1,1,1,1,1,1
tc2023,Moderate,Heuchera_parvifolia,1,1,1,1,1,1,0
tc2023,Moderate,Hieracium_fendleri,1,1,1,1,1,1,1
tc2023,Moderate,Ipomopsis_aggregata,0,1,1,1,1,1,1
tc2023,Moderate,Juniperus_communis,1,0,0,0,0,0,0
tc2023,Moderate,Koeleria_macrantha,1,1,1,1,1,1,1
tc2023,Moderate,Lactuca_serriola,0,0,0,1,1,1,1
tc2023,Moderate,Laennecia_schiedeana,0,0,1,1,1,1,1
tc2023,Moderate,Lappula_occidentalis,0,0,0,0,1,0,0
tc2023,Moderate,Leucopoa_kingii,0,0,0,0,0,1,0
tc2023,Moderate,Linaria_vulgaris,0,0,1,1,0,1,1
tc2023,Moderate,Machaeranthera_bigelovii,0,0,0,0,1,1,1
tc2023,Moderate,Mertensia_lanceolata,1,1,1,1,1,1,1
tc2023,Moderate,Muhlenbergia_montana,1,1,1,1,1,1,1
tc2023,Moderate,Noccaea_montana,1,1,1,1,1,1,1
tc2023,Moderate,Oenothera_caespitosa,0,0,0,0,0,0,1
tc2023,Moderate,Oxytropis_multiceps,1,1,1,1,1,1,1
tc2023,Moderate,Packera_fendleri,1,1,1,1,1,1,1
tc2023,Moderate,Paronychia_jamesii,1,0,0,1,1,1,1
tc2023,Moderate,Pediocactus_simpsonii,1,1,1,1,1,1,1
tc2023,Moderate,Penstemon_glaber,1,1,1,1,1,1,1
tc2023,Moderate,Penstemon_secundiflorus,1,1,1,1,1,1,1
tc2023,Moderate,Penstemon_virens,0,1,1,1,1,1,1
tc2023,Moderate,Phacelia_heterophylla,0,1,1,1,1,1,1
tc2023,Moderate,Poa_fendleriana,1,1,1,1,1,1,1
tc2023,Moderate,Poa_pratensis,0,0,0,0,0,0,1
tc2023,Moderate,Poa_reflexa,1,0,0,0,0,0,0
tc2023,Moderate,Potentilla_fissa,1,1,1,1,1,1,1
tc2023,Moderate,Potentilla_hippiana,1,0,0,1,0,0,0
tc2023,Moderate,Pseudognaphalium_macounii,0,0,0,1,1,0,0
tc2023,Moderate,Pulsatilla_patens,1,1,1,1,1,1,1
tc2023,Moderate,Ribes_cereum,1,1,1,1,1,1,1
tc2023,Moderate,Rosa,1,0,0,0,0,0,0
tc2023,Moderate,Rubus_deliciosus,1,0,0,0,0,0,0
tc2023,Moderate,Rubus_idaeus,0,1,1,1,1,1,1
tc2023,Moderate,Saxifraga_bronchialis,0,1,0,1,0,0,0
tc2023,Moderate,Schizachyrium_scoparium,1,1,1,1,0,1,1
tc2023,Moderate,Sedum_lanceolatum,1,1,1,1,1,1,1
tc2023,Moderate,Silene_antirrhina,0,1,0,1,1,1,1
tc2023,Moderate,Silene_scouleri,1,0,0,1,1,1,1
tc2023,Moderate,Solidago,1,1,1,1,1,1,1
tc2023,Moderate,Symphoricarpos_albus,0,0,0,0,0,0,1
tc2023,Moderate,Symphyotrichum_porteri,0,0,0,0,1,0,1
tc2023,Moderate,Taraxacum_officinale,0,0,0,1,1,1,1
tc2023,Moderate,Tragopogon_dubius,0,0,0,0,0,1,1
tc2023,Moderate,Triticosecale_rimpaui,0,0,0,1,0,0,0
tc2023,Moderate,unable_to_identify,1,0,1,0,0,1,0
tc2023,Moderate,Verbascum_thapsus,0,1,1,1,1,1,1
tc2023,Moderate,Yucca_glauca,1,1,1,1,1,1,1
tc2108,Moderate,Achillea_millefolium,1,1,1,1,1,1,1
tc2108,Moderate,Allium_cernuum,1,1,1,1,1,1,1
tc2108,Moderate,Androsace_septentrionalis,1,1,1,1,1,1,1
tc2108,Moderate,Antennaria_parvifolia,1,1,1,1,1,1,1
tc2108,Moderate,Apocynum_androsaemifolium,1,1,1,1,1,1,1
tc2108,Moderate,Arabis_fendleri,1,1,1,1,1,1,1
tc2108,Moderate,Arctostaphylos_uva-ursi,1,1,1,1,1,1,1
tc2108,Moderate,Artemisia_campestris,1,1,1,1,1,1,1
tc2108,Moderate,Artemisia_frigida,0,0,0,1,1,1,1
tc2108,Moderate,Artemisia_ludoviciana,1,1,1,1,1,1,1
tc2108,Moderate,Astragalus_parryi,1,0,0,0,0,0,0
tc2108,Moderate,Bahia_dissecta,0,1,1,1,1,1,1
tc2108,Moderate,Bromus_tectorum,0,0,0,0,0,1,1
tc2108,Moderate,Calamagrostis_purpurascens,0,0,0,1,1,1,1
tc2108,Moderate,Campanula_rotundifolia,0,0,0,1,1,0,0
tc2108,Moderate,Carex,1,1,1,1,1,1,1
tc2108,Moderate,Cerastium_arvense,0,0,0,1,0,0,0
tc2108,Moderate,Chenopodium,0,1,1,1,1,1,1
tc2108,Moderate,Conyza_canadensis,0,0,0,1,0,1,1
tc2108,Moderate,Corydalis_aurea,0,1,1,0,1,0,1
tc2108,Moderate,Dracocephalum_parviflorum,0,0,0,1,0,1,0
tc2108,Moderate,Elymus_elymoides,0,0,0,0,0,1,1
tc2108,Moderate,Elymus_trachycaulus,0,0,0,0,0,1,1
tc2108,Moderate,Epilobium_brachycarpum,0,0,0,0,0,1,0
tc2108,Moderate,Epilobium_ciliatum,0,0,0,0,1,0,0
tc2108,Moderate,Erigeron_compositus,1,1,1,1,1,1,1
tc2108,Moderate,Erigeron_divergens,0,0,0,1,1,0,0
tc2108,Moderate,Erigeron_subtrinervis,0,0,0,0,0,1,1
tc2108,Moderate,Erigeron_vetensis,1,1,1,1,1,1,1
tc2108,Moderate,Eriogonum_alatum,0,1,1,1,1,1,1
tc2108,Moderate,Erysimum_capitatum,1,1,1,1,1,1,1
tc2108,Moderate,Euphorbia_brachycera,0,0,1,0,1,1,0
tc2108,Moderate,Fragaria,0,0,0,0,0,1,1
tc2108,Moderate,Geranium_caespitosum,1,1,1,1,1,1,1
tc2108,Moderate,Gutierrezia_sarothrae,0,0,0,0,1,0,0
tc2108,Moderate,Heterotheca_villosa,1,1,1,1,1,1,1
tc2108,Moderate,Hieracium_fendleri,0,0,0,0,1,1,0
tc2108,Moderate,Hordeum_jubatum,0,0,1,0,1,0,0
tc2108,Moderate,Ipomopsis_aggregata,0,0,1,1,0,1,1
tc2108,Moderate,Juniperus_communis,1,0,0,0,0,0,0
tc2108,Moderate,Koeleria_macrantha,1,1,1,1,1,1,1
tc2108,Moderate,Lactuca_serriola,0,0,1,1,1,1,0
tc2108,Moderate,Laennecia_schiedeana,0,0,1,1,1,1,0
tc2108,Moderate,Leucopoa_kingii,1,0,0,0,0,0,0
tc2108,Moderate,Linaria_vulgaris,0,0,1,0,0,0,1
tc2108,Moderate,Machaeranthera_bigelovii,0,0,0,1,1,1,0
tc2108,Moderate,Mertensia_lanceolata,1,1,1,1,1,1,1
tc2108,Moderate,Muhlenbergia_montana,1,1,1,1,1,1,1
tc2108,Moderate,Noccaea_montana,1,1,1,1,1,1,1
tc2108,Moderate,Oenothera_caespitosa,1,1,0,0,0,0,0
tc2108,Moderate,Oenothera_villosa,0,0,1,0,0,0,1
tc2108,Moderate,Packera_cana,0,0,0,0,1,0,0
tc2108,Moderate,Packera_fendleri,1,1,1,1,1,1,1
tc2108,Moderate,Paronychia_jamesii,1,0,0,0,0,0,0
tc2108,Moderate,Pediocactus_simpsonii,1,1,1,1,1,1,1
tc2108,Moderate,Penstemon_glaber,0,1,1,1,1,1,1
tc2108,Moderate,Penstemon_secundiflorus,1,1,1,1,1,1,1
tc2108,Moderate,Penstemon_virens,1,1,1,1,1,0,1
tc2108,Moderate,Phacelia_heterophylla,0,1,1,1,1,1,1
tc2108,Moderate,Poa_fendleriana,1,1,0,0,0,0,1
tc2108,Moderate,Poa_pratensis,0,0,0,0,0,1,0
tc2108,Moderate,Potentilla_fissa,1,1,1,1,1,1,1
tc2108,Moderate,Potentilla_hippiana,0,1,0,1,1,1,1
tc2108,Moderate,Pseudocymopterus_montanus,0,0,0,0,0,0,1
tc2108,Moderate,Pseudognaphalium_macounii,0,0,0,1,0,0,0
tc2108,Moderate,Pulsatilla_patens,1,1,1,1,1,1,1
tc2108,Moderate,Ribes_cereum,1,1,1,1,1,1,1
tc2108,Moderate,Salix,0,0,0,0,0,0,1
tc2108,Moderate,Schizachyrium_scoparium,1,1,0,0,0,0,0
tc2108,Moderate,Sedum_lanceolatum,1,0,0,1,1,1,1
tc2108,Moderate,Senecio_eremophilus,0,0,1,1,1,1,0
tc2108,Moderate,Senecio_spartioides,0,0,0,0,0,1,0
tc2108,Moderate,Silene,0,0,0,0,0,0,1
tc2108,Moderate,Silene_scouleri,0,0,0,1,1,1,1
tc2108,Moderate,Solidago,1,1,1,1,1,1,1
tc2108,Moderate,Symphyotrichum_porteri,0,0,0,0,0,0,1
tc2108,Moderate,Taraxacum_officinale,0,0,1,0,1,1,1
tc2108,Moderate,Tragopogon_dubius,0,0,1,1,1,1,1
tc2108,Moderate,Triticosecale_rimpaui,0,0,0,1,0,0,0
tc2108,Moderate,unable_to_identify,1,1,0,0,0,0,1
tc2108,Moderate,Verbascum_thapsus,0,0,1,1,1,1,1
tc2108,Moderate,Yucca_glauca,1,1,1,1,1,1,1
tc2413,Moderate,Acer_glabrum,0,1,0,0,0,0,0
tc2413,Moderate,Achillea_millefolium,1,1,1,1,1,1,1
tc2413,Moderate,Agoseris_aurantiaca,0,0,0,1,0,0,0
tc2413,Moderate,Agrostis_scabra,0,0,0,0,0,0,1
tc2413,Moderate,Allium_cernuum,1,1,1,1,1,1,1
tc2413,Moderate,Androsace_septentrionalis,1,1,1,1,1,1,1
tc2413,Moderate,Antennaria_parvifolia,1,1,1,1,1,1,1
tc2413,Moderate,Arabis_fendleri,1,1,1,1,1,1,1
tc2413,Moderate,Arctostaphylos_uva-ursi,1,1,1,1,1,1,1
tc2413,Moderate,Artemisia_campestris,0,0,0,1,1,1,0
tc2413,Moderate,Artemisia_frigida,0,1,0,1,1,1,1
tc2413,Moderate,Artemisia_ludoviciana,1,1,1,1,1,1,1
tc2413,Moderate,Bahia_dissecta,0,1,1,1,1,1,1
tc2413,Moderate,Brickellia_eupatorioides,0,0,0,1,0,0,0
tc2413,Moderate,Bromus_ciliatus,0,0,0,1,1,1,1
tc2413,Moderate,Bromus_inermis,0,0,0,0,0,0,1
tc2413,Moderate,Campanula_rotundifolia,1,1,1,0,0,0,0
tc2413,Moderate,Carduus/Cirsium,0,0,0,0,1,0,0
tc2413,Moderate,Carduus_nutans,0,0,0,0,1,1,0
tc2413,Moderate,Carex,1,1,1,1,1,1,1
tc2413,Moderate,Chamerion_angustifolium,0,1,0,1,1,1,1
tc2413,Moderate,Chenopodium,0,1,1,1,1,1,0
tc2413,Moderate,Cirsium_arvense,0,0,0,1,0,1,0
tc2413,Moderate,Clematis_columbiana,1,1,1,1,1,1,1
tc2413,Moderate,Conyza_canadensis,0,1,0,1,1,1,0
tc2413,Moderate,Corydalis_aurea,0,1,1,1,0,0,0
tc2413,Moderate,Descurainia_incana,0,1,0,1,0,1,0
tc2413,Moderate,Elymus_elymoides,0,1,0,1,1,1,1
tc2413,Moderate,Elymus_trachycaulus,0,0,0,0,1,0,0
tc2413,Moderate,Epilobium_brachycarpum,0,0,0,1,1,1,0
tc2413,Moderate,Epilobium_ciliatum,0,0,0,0,0,1,0
tc2413,Moderate,Erigeron_compositus,1,1,1,1,1,1,1
tc2413,Moderate,Erigeron_divergens,0,0,0,1,0,0,0
tc2413,Moderate,Erigeron_subtrinervis,0,0,0,0,1,1,1
tc2413,Moderate,Eriogonum_alatum,0,1,0,0,0,0,0
tc2413,Moderate,Festuca_saximontana,0,0,0,0,0,1,1
tc2413,Moderate,Fragaria,1,1,1,1,1,1,1
tc2413,Moderate,Geranium_caespitosum,1,1,1,1,1,1,1
tc2413,Moderate,Heterotheca_villosa,0,1,1,1,1,1,1
tc2413,Moderate,Hieracium_fendleri,1,1,1,1,1,1,1
tc2413,Moderate,Hordeum_jubatum,0,0,0,1,0,0,0
tc2413,Moderate,Jamesia_americana,1,0,0,0,0,0,1
tc2413,Moderate,Juniperus_communis,1,0,0,0,0,0,0
tc2413,Moderate,Koeleria_macrantha,1,1,1,1,1,1,1
tc2413,Moderate,Lactuca_serriola,0,1,0,1,1,1,0
tc2413,Moderate,Laennecia_schiedeana,0,0,1,1,0,1,0
tc2413,Moderate,Leucopoa_kingii,0,0,0,0,0,1,0
tc2413,Moderate,Liatris_punctata,0,0,1,0,0,0,0
tc2413,Moderate,Lithospermum_multiflorum,1,0,0,0,0,0,0
tc2413,Moderate,Machaeranthera_bigelovii,0,0,0,1,1,1,0
tc2413,Moderate,Mertensia_lanceolata,1,1,1,1,1,1,0
tc2413,Moderate,Muhlenbergia_montana,1,1,1,1,1,1,1
tc2413,Moderate,Noccaea_montana,1,1,1,1,1,1,1
tc2413,Moderate,Packera_fendleri,1,1,1,1,1,1,1
tc2413,Moderate,Pediocactus_simpsonii,0,0,0,0,0,1,0
tc2413,Moderate,Penstemon_glaber,0,1,1,1,1,1,1
tc2413,Moderate,Penstemon_secundiflorus,0,0,0,1,1,0,1
tc2413,Moderate,Penstemon_virens,1,1,0,1,1,1,1
tc2413,Moderate,Pericome_caudata,0,0,0,1,1,1,1
tc2413,Moderate,Phacelia_heterophylla,0,1,1,1,1,1,0
tc2413,Moderate,Poa_fendleriana,1,1,1,1,1,1,1
tc2413,Moderate,Potentilla_fissa,1,1,1,1,1,1,1
tc2413,Moderate,Potentilla_hippiana,0,0,0,0,1,1,0
tc2413,Moderate,Prunus_virginiana,1,1,1,1,1,0,0
tc2413,Moderate,Pseudognaphalium_macounii,0,0,0,1,0,0,0
tc2413,Moderate,Pulsatilla_patens,1,1,1,1,1,1,1
tc2413,Moderate,Ribes_cereum,1,1,1,1,1,1,1
tc2413,Moderate,Rosa,1,1,1,1,1,1,1
tc2413,Moderate,Rubus_deliciosus,0,0,1,1,1,1,0
tc2413,Moderate,Rubus_idaeus,1,1,1,1,1,1,1
tc2413,Moderate,Schizachyrium_scoparium,1,1,1,1,1,1,1
tc2413,Moderate,Scutellaria_brittonii,1,1,1,1,1,1,0
tc2413,Moderate,Sedum_lanceolatum,1,1,1,1,1,1,1
tc2413,Moderate,Silene_antirrhina,0,1,0,1,0,1,1
tc2413,Moderate,Silene_scouleri,0,0,0,0,0,0,1
tc2413,Moderate,Solidago,1,1,1,1,1,1,1
tc2413,Moderate,Symphoricarpos_albus,1,0,0,0,0,0,0
tc2413,Moderate,Symphyotrichum_porteri,0,0,0,1,0,1,1
tc2413,Moderate,Taraxacum_officinale,0,0,1,1,1,1,0
tc2413,Moderate,Tragopogon_dubius,0,0,1,1,1,1,0
tc2413,Moderate,Triticosecale_rimpaui,0,0,0,1,0,0,0
tc2413,Moderate,unable_to_identify,0,0,1,0,1,1,1
tc2413,Moderate,Verbascum_thapsus,0,1,1,1,1,1,1
tc2413,Moderate,Yucca_glauca,1,1,1,1,1,1,1
tc2413,Moderate,Zigadenus_elegans,0,0,1,0,0,0,0
tc2426,High,Acer_glabrum,1,0,1,1,1,1,1
tc2426,High,Achillea_millefolium,1,1,1,1,1,1,1
tc2426,High,Allium_cernuum,1,1,1,1,1,1,1
tc2426,High,Androsace_septentrionalis,1,1,1,1,1,1,1
tc2426,High,Antennaria_parvifolia,1,1,1,1,1,1,1
tc2426,High,Arabis_fendleri,0,1,1,1,1,1,1
tc2426,High,Arabis_hirsuta,0,0,1,0,0,1,1
tc2426,High,Arctostaphylos_uva-ursi,1,1,1,1,1,1,1
tc2426,High,Artemisia_campestris,0,0,0,0,0,0,1
tc2426,High,Artemisia_frigida,1,1,1,1,1,1,1
tc2426,High,Artemisia_ludoviciana,1,1,1,1,1,1,1
tc2426,High,Bahia_dissecta,0,1,0,1,1,1,1
tc2426,High,Bouteloua_gracilis,0,0,0,1,1,0,1
tc2426,High,Brickellia_grandiflora,0,0,0,1,1,0,1
tc2426,High,Bromus_inermis,0,0,0,1,1,1,1
tc2426,High,Calamagrostis_purpurascens,0,0,0,0,0,0,1
tc2426,High,Carduus/Cirsium,0,0,1,0,0,0,0
tc2426,High,Carduus_nutans,0,0,0,0,1,1,0
tc2426,High,Carex,1,1,1,1,1,1,1
tc2426,High,Cercocarpus_montanus,1,1,1,1,1,1,1
tc2426,High,Chaenactis_douglasii,0,0,0,1,0,0,0
tc2426,High,Chamerion_angustifolium,0,0,0,0,1,1,0
tc2426,High,Chenopodium,0,1,1,1,1,1,1
tc2426,High,Cirsium_arvense,0,0,0,1,0,1,1
tc2426,High,Clematis_columbiana,0,1,0,1,1,0,1
tc2426,High,Conyza_canadensis,0,0,0,1,1,1,0
tc2426,High,Corydalis_aurea,0,1,1,0,1,0,0
tc2426,High,Cystopteris_fragilis,1,0,0,0,0,0,0
tc2426,High,Elymus_elymoides,0,0,1,1,1,1,1
tc2426,High,Elymus_trachycaulus,0,0,0,0,0,1,1
tc2426,High,Epilobium_brachycarpum,0,0,0,0,0,0,1
tc2426,High,Erigeron_compositus,1,1,1,1,1,1,1
tc2426,High,Erigeron_divergens,0,0,0,1,1,1,0
tc2426,High,Erigeron_flagellaris,0,0,0,0,0,1,0
tc2426,High,Erigeron_subtrinervis,0,0,0,0,1,1,1
tc2426,High,Erigeron_vetensis,0,0,0,0,1,0,0
tc2426,High,Eriogonum_alatum,0,1,1,1,1,0,1
tc2426,High,Erysimum_capitatum,1,1,1,1,1,1,1
tc2426,High,Euphorbia_brachycera,1,1,1,1,1,1,0
tc2426,High,Festuca_saximontana,0,0,0,0,0,1,1
tc2426,High,Fragaria,0,0,0,0,0,0,1
tc2426,High,Geranium_caespitosum,1,1,1,1,1,1,1
tc2426,High,Heterotheca_villosa,1,1,1,1,1,1,1
tc2426,High,Hieracium_fendleri,0,1,0,0,1,0,0
tc2426,High,Ipomopsis_aggregata,0,0,1,1,1,0,1
tc2426,High,Jamesia_americana,0,0,1,1,1,1,1
tc2426,High,Juniperus_communis,1,0,0,0,0,0,0
tc2426,High,Koeleria_macrantha,1,0,1,1,1,1,1
tc2426,High,Lactuca_serriola,0,1,1,1,1,1,0
tc2426,High,Laennecia_schiedeana,0,0,0,1,0,1,0
tc2426,High,Linaria_vulgaris,0,0,1,0,0,0,0
tc2426,High,Machaeranthera_bigelovii,0,0,0,1,1,0,1
tc2426,High,Mentzelia_speciosa,0,0,0,0,0,0,1
tc2426,High,Mertensia_lanceolata,0,1,1,1,1,1,1
tc2426,High,Mirabilis_hirsuta,0,0,0,1,0,0,0
tc2426,High,Muhlenbergia_montana,1,1,1,1,1,1,1
tc2426,High,Noccaea_montana,0,1,1,1,1,1,1
tc2426,High,Oenothera_caespitosa,0,0,0,0,0,0,1
tc2426,High,Oenothera_villosa,0,0,0,0,0,0,1
tc2426,High,Packera_fendleri,0,1,1,1,1,1,1
tc2426,High,Penstemon_glaber,1,1,1,1,1,1,1
tc2426,High,Penstemon_secundiflorus,1,1,1,1,1,1,1
tc2426,High,Penstemon_virens,1,1,1,1,1,1,1
tc2426,High,Phacelia_heterophylla,0,1,1,1,1,1,1
tc2426,High,Poa,1,0,0,0,0,0,0
tc2426,High,Poa_fendleriana,0,1,0,1,1,1,1
tc2426,High,Poa_pratensis,0,0,1,0,0,0,0
tc2426,High,Potentilla_fissa,1,1,1,1,1,1,1
tc2426,High,Prunus_virginiana,1,1,1,1,1,1,1
tc2426,High,Pseudognaphalium_macounii,0,0,0,1,1,1,0
tc2426,High,Pulsatilla_patens,1,1,1,1,1,1,1
tc2426,High,Ribes_cereum,1,1,1,1,1,1,1
tc2426,High,Rosa,1,1,1,1,1,1,1
tc2426,High,Rubus_idaeus,0,1,1,1,1,1,1
tc2426,High,Salix,0,0,0,0,0,0,1
tc2426,High,Schizachyrium_scoparium,1,1,1,0,0,0,0
tc2426,High,Scutellaria_brittonii,0,1,1,1,1,0,1
tc2426,High,Sedum_lanceolatum,1,0,0,0,0,1,1
tc2426,High,Senecio_eremophilus,1,0,0,1,1,0,0
tc2426,High,Silene_antirrhina,0,0,0,0,0,1,0
tc2426,High,Silene_scouleri,0,0,1,0,0,1,1
tc2426,High,Solanum_triflorum,1,1,0,0,0,0,0
tc2426,High,Solidago,0,1,1,1,1,1,1
tc2426,High,Symphyotrichum_laeve,0,0,0,0,0,1,1
tc2426,High,Symphyotrichum_porteri,0,0,1,1,1,1,1
tc2426,High,Taraxacum_officinale,0,1,1,1,1,1,1
tc2426,High,Thalictrum_fendleri,1,1,1,0,0,1,1
tc2426,High,Townsendia_grandiflora,0,0,1,1,1,1,1
tc2426,High,Tragopogon_dubius,0,0,1,1,1,1,1
tc2426,High,unable_to_identify,1,0,0,0,0,1,0
tc2426,High,Verbascum_thapsus,0,1,1,1,1,1,1
tc2426,High,Yucca_glauca,1,1,1,1,1,1,1
tc2510,Low,Achillea_millefolium,1,1,1,1,1,1,1
tc2510,Low,Aliciella_pinnatifida,0,1,0,0,0,0,0
tc2510,Low,Allium_cernuum,1,1,1,1,1,1,1
tc2510,Low,Antennaria_parvifolia,1,1,1,1,1,1,1
tc2510,Low,Arabis_fendleri,1,1,1,1,1,1,1
tc2510,Low,Arctostaphylos_uva-ursi,1,1,1,1,1,1,1
tc2510,Low,Artemisia_campestris,1,0,0,1,1,1,1
tc2510,Low,Artemisia_frigida,1,1,1,1,1,1,1
tc2510,Low,Artemisia_ludoviciana,1,1,1,1,1,1,1
tc2510,Low,Axyris_amaranthoides,0,1,0,0,0,0,0
tc2510,Low,Bahia_dissecta,0,0,0,1,1,1,1
tc2510,Low,Bouteloua_gracilis,1,1,1,1,1,1,1
tc2510,Low,Bromus_tectorum,0,0,0,0,0,1,0
tc2510,Low,Calamagrostis_purpurascens,1,0,0,0,0,0,1
tc2510,Low,Campanula_rotundifolia,1,1,1,1,1,1,1
tc2510,Low,Carduus_nutans,0,0,1,0,1,1,1
tc2510,Low,Carex,1,1,1,1,1,1,1
tc2510,Low,Castilleja_integra,1,1,1,1,1,1,1
tc2510,Low,Cercocarpus_montanus,1,1,1,1,1,1,1
tc2510,Low,Chamerion_angustifolium,0,0,0,1,1,1,1
tc2510,Low,Chenopodium,0,1,1,1,1,1,0
tc2510,Low,Cirsium_arvense,0,1,0,0,1,0,1
tc2510,Low,Cirsium_undulatum,0,0,0,1,1,0,0
tc2510,Low,Conyza_canadensis,0,0,0,1,1,1,0
tc2510,Low,Corydalis_aurea,0,1,1,1,0,0,0
tc2510,Low,Cryptantha_virgata,0,1,0,0,0,0,0
tc2510,Low,Dracocephalum_parviflorum,0,1,0,0,0,0,0
tc2510,Low,Elymus_elymoides,1,1,1,1,1,1,1
tc2510,Low,Epilobium_brachycarpum,0,0,0,0,0,1,0
tc2510,Low,Ericameria_nauseosa,0,1,0,0,1,0,0
tc2510,Low,Erigeron_compositus,1,1,0,1,1,1,1
tc2510,Low,Erigeron_divergens,0,0,0,0,0,1,0
tc2510,Low,Erigeron_flagellaris,0,0,0,0,0,1,0
tc2510,Low,Erigeron_subtrinervis,0,1,0,1,0,1,1
tc2510,Low,Erigeron_vetensis,1,1,0,1,1,1,1
tc2510,Low,Eriogonum_alatum,1,1,1,1,1,1,1
tc2510,Low,Erysimum_capitatum,0,1,1,1,1,1,1
tc2510,Low,Fragaria,0,0,0,0,0,0,1
tc2510,Low,Geranium_caespitosum,1,1,1,1,1,1,1
tc2510,Low,Heterotheca_villosa,1,1,1,1,1,1,1
tc2510,Low,Hieracium_fendleri,0,1,1,1,1,0,1
tc2510,Low,Ipomopsis_aggregata,0,1,1,1,1,1,0
tc2510,Low,Juniperus_communis,1,0,0,0,0,0,0
tc2510,Low,Koeleria_macrantha,1,1,1,1,1,1,1
tc2510,Low,Lactuca_serriola,0,1,0,0,1,1,0
tc2510,Low,Laennecia_schiedeana,0,0,0,1,0,1,0
tc2510,Low,Machaeranthera_bigelovii,0,0,0,1,1,1,1
tc2510,Low,Matricaria_discoidea,0,0,0,0,1,0,0
tc2510,Low,Mertensia_lanceolata,1,1,1,1,1,1,1
tc2510,Low,Muhlenbergia_montana,1,1,1,1,1,1,1
tc2510,Low,Noccaea_montana,0,1,1,0,0,1,0
tc2510,Low,Packera_fendleri,1,1,1,1,1,1,1
tc2510,Low,Pediocactus_simpsonii,1,1,1,1,1,1,1
tc2510,Low,Penstemon_glaber,0,0,0,0,1,1,1
tc2510,Low,Penstemon_secundiflorus,1,1,1,1,1,1,1
tc2510,Low,Penstemon_virens,1,1,1,1,1,1,1
tc2510,Low,Phacelia_heterophylla,0,1,1,1,1,1,1
tc2510,Low,Physocarpus_monogynus,0,0,0,0,0,0,1
tc2510,Low,Poa_fendleriana,1,1,1,1,1,1,1
tc2510,Low,Polygonum_douglasii,0,0,0,1,0,0,0
tc2510,Low,Potentilla_fissa,1,1,1,1,1,1,1
tc2510,Low,Potentilla_hippiana,1,1,1,1,1,1,1
tc2510,Low,Pulsatilla_patens,1,1,1,1,1,1,1
tc2510,Low,Ribes_cereum,1,1,1,1,1,1,1
tc2510,Low,Rosa,1,1,1,1,1,1,1
tc2510,Low,Rubus_idaeus,0,0,0,1,1,1,1
tc2510,Low,Schizachyrium_scoparium,1,1,1,1,1,1,1
tc2510,Low,Sedum_lanceolatum,1,1,1,1,1,1,1
tc2510,Low,Senecio_eremophilus,0,0,0,1,0,1,0
tc2510,Low,Silene_antirrhina,0,1,0,0,0,1,0
tc2510,Low,Silene_scouleri,0,0,0,1,1,1,1
tc2510,Low,Solidago,0,1,1,1,1,1,1
tc2510,Low,Symphyotrichum_porteri,0,1,0,1,1,1,0
tc2510,Low,Taraxacum_officinale,0,0,0,1,1,1,1
tc2510,Low,Townsendia_grandiflora,0,1,1,1,1,1,1
tc2510,Low,Tragopogon_dubius,0,0,1,0,1,1,1
tc2510,Low,unable_to_identify,0,0,1,0,0,1,0
tc2510,Low,Verbascum_thapsus,0,1,0,1,0,1,1
tc2510,Low,Yucca_glauca,1,1,1,1,1,1,1
tc2515,Low,Acer_glabrum,1,1,1,1,1,1,1
tc2515,Low,Achillea_millefolium,1,1,1,1,1,1,1
tc2515,Low,Aliciella_pinnatifida,0,0,1,0,0,0,0
tc2515,Low,Allium_cernuum,0,1,1,1,1,1,1
tc2515,Low,Androsace_septentrionalis,1,1,1,1,0,1,1
tc2515,Low,Antennaria_neglecta,0,0,0,0,1,0,0
tc2515,Low,Antennaria_parvifolia,1,1,1,1,1,1,1
tc2515,Low,Antennaria_rosea,0,0,0,0,0,0,1
tc2515,Low,Arabis_fendleri,1,1,1,1,1,1,1
tc2515,Low,Arctostaphylos_uva-ursi,1,1,1,1,1,1,1
tc2515,Low,Artemisia_campestris,0,0,0,0,1,1,0
tc2515,Low,Artemisia_frigida,0,0,0,1,0,1,0
tc2515,Low,Artemisia_ludoviciana,1,1,1,1,1,1,1
tc2515,Low,Bahia_dissecta,0,0,0,1,1,1,1
tc2515,Low,Besseya_plantaginea,1,0,0,0,0,0,0
tc2515,Low,Bouteloua_gracilis,0,0,0,1,0,0,0
tc2515,Low,Bromus_ciliatus,0,1,0,0,0,1,0
tc2515,Low,Campanula_rotundifolia,0,1,0,1,1,0,1
tc2515,Low,Carex,1,1,1,1,1,1,1
tc2515,Low,Chamerion_angustifolium,0,1,0,0,1,1,0
tc2515,Low,Chenopodium,0,1,1,1,1,1,1
tc2515,Low,Chenopodium_capitatum,0,0,0,0,0,1,0
tc2515,Low,Cirsium_arvense,0,0,0,0,0,1,1
tc2515,Low,Cirsium_undulatum,0,0,0,1,1,0,0
tc2515,Low,Clematis_columbiana,1,1,1,1,1,1,1
tc2515,Low,Conyza_canadensis,0,1,0,0,0,1,0
tc2515,Low,Corydalis_aurea,0,1,1,0,0,0,0
tc2515,Low,Elymus_elymoides,0,1,1,1,1,0,1
tc2515,Low,Erigeron_compositus,1,1,1,1,1,1,1
tc2515,Low,Erigeron_subtrinervis,0,1,0,1,1,1,1
tc2515,Low,Erigeron_vetensis,0,0,0,0,0,0,1
tc2515,Low,Erysimum_capitatum,1,1,1,1,0,1,1
tc2515,Low,Fragaria,1,1,1,1,1,1,1
tc2515,Low,Gentiana,1,0,0,0,0,0,0
tc2515,Low,Geranium_caespitosum,0,0,0,0,1,1,0
tc2515,Low,Heterotheca_villosa,0,0,0,1,1,1,0
tc2515,Low,Hieracium_fendleri,0,0,0,1,1,0,0
tc2515,Low,Ipomopsis_aggregata,1,1,0,1,1,1,1
tc2515,Low,Juniperus_communis,1,1,1,1,1,1,1
tc2515,Low,Koeleria_macrantha,1,1,1,1,1,1,1
tc2515,Low,Lactuca_serriola,0,1,1,1,0,1,0
tc2515,Low,Laennecia_schiedeana,0,0,0,0,0,1,0
tc2515,Low,Lithospermum_multiflorum,1,1,1,1,1,1,1
tc2515,Low,Machaeranthera_bigelovii,0,0,1,1,1,1,0
tc2515,Low,Mertensia_lanceolata,1,1,1,1,1,1,1
tc2515,Low,Muhlenbergia_montana,1,1,1,1,1,1,1
tc2515,Low,Noccaea_montana,1,1,1,1,1,1,1
tc2515,Low,Oryzopsis_asperifolia,0,0,1,0,1,1,1
tc2515,Low,Packera_cana,0,0,0,1,0,0,0
tc2515,Low,Packera_fendleri,0,1,1,1,1,1,1
tc2515,Low,Paronychia_jamesii,1,1,0,0,0,0,0
tc2515,Low,Pediocactus_simpsonii,1,1,1,1,1,1,1
tc2515,Low,Penstemon_glaber,1,0,0,1,0,0,0
tc2515,Low,Penstemon_secundiflorus,0,1,0,1,0,1,1
tc2515,Low,Penstemon_virens,0,0,0,1,0,1,1
tc2515,Low,Phacelia_heterophylla,0,1,1,1,1,0,0
tc2515,Low,Poa_fendleriana,1,1,1,1,1,1,1
tc2515,Low,Potentilla_fissa,1,1,1,1,1,1,1
tc2515,Low,Potentilla_hippiana,0,0,0,1,1,1,1
tc2515,Low,Prunus_virginiana,1,1,1,1,1,1,1
tc2515,Low,Pulsatilla_patens,1,1,1,1,1,1,1
tc2515,Low,Ribes_cereum,0,1,1,1,1,1,1
tc2515,Low,Ribes_inerme,0,0,0,1,1,1,1
tc2515,Low,Rosa,0,0,0,0,1,1,1
tc2515,Low,Rubus_idaeus,0,0,1,1,1,1,0
tc2515,Low,Schizachyrium_scoparium,1,1,1,1,1,1,1
tc2515,Low,Scutellaria_brittonii,0,1,1,1,1,1,1
tc2515,Low,Sedum_lanceolatum,1,1,1,1,1,1,1
tc2515,Low,Solidago,1,1,1,1,1,1,1
tc2515,Low,Symphoricarpos_albus,0,1,1,1,1,0,1
tc2515,Low,Taraxacum_officinale,1,1,1,0,1,1,1
tc2515,Low,Townsendia_grandiflora,0,1,0,0,0,0,0
tc2515,Low,Triticosecale_rimpaui,0,0,0,1,0,0,0
tc2515,Low,unable_to_identify,1,1,0,0,1,1,1
tc2515,Low,Verbascum_thapsus,0,1,1,1,0,1,0
tc2515,Low,Verbena,1,0,0,0,0,0,0
tc2515,Low,Yucca_glauca,1,1,1,1,1,1,1
tc2809,High,Achillea_millefolium,1,1,0,1,1,1,1
tc2809,High,Achnatherum_scribneri,0,0,1,1,1,1,0
tc2809,High,Allium_cernuum,1,1,1,1,1,1,1
tc2809,High,Amaranthus_retroflexus,0,1,0,0,0,0,0
tc2809,High,Androsace_septentrionalis,0,1,1,1,1,1,0
tc2809,High,Antennaria_parvifolia,1,1,1,1,1,1,1
tc2809,High,Arabis_fendleri,1,0,1,1,1,1,1
tc2809,High,Arctostaphylos_uva-ursi,1,1,1,1,1,1,1
tc2809,High,Artemisia_campestris,0,0,0,1,1,1,1
tc2809,High,Artemisia_frigida,1,1,1,1,1,1,1
tc2809,High,Artemisia_ludoviciana,1,1,1,1,1,1,1
tc2809,High,Astragalus_parryi,0,0,0,1,0,0,0
tc2809,High,Bahia_dissecta,1,1,1,1,1,1,1
tc2809,High,Bouteloua_gracilis,1,1,1,1,1,1,1
tc2809,High,Bromus_ciliatus,0,0,0,0,0,0,1
tc2809,High,Bromus_inermis,0,1,0,0,0,1,0
tc2809,High,Bromus_tectorum,0,0,0,0,0,0,1
tc2809,High,Campanula_rotundifolia,0,0,1,1,1,0,1
tc2809,High,Carex,1,1,1,1,1,1,1
tc2809,High,Castilleja_integra,1,0,0,0,0,0,0
tc2809,High,Cercocarpus_montanus,1,1,1,1,1,1,1
tc2809,High,Chenopodium,0,1,1,1,1,1,1
tc2809,High,Cirsium_arvense,0,0,0,0,1,0,0
tc2809,High,Cirsium_undulatum,0,0,0,0,0,0,1
tc2809,High,Clematis_columbiana,1,0,0,0,0,0,0
tc2809,High,Conyza_canadensis,0,0,0,1,1,1,0
tc2809,High,Corydalis_aurea,0,1,1,1,1,0,1
tc2809,High,Cryptantha_virgata,1,0,0,0,0,0,0
tc2809,High,Elymus_elymoides,1,1,0,1,1,1,1
tc2809,High,Elymus_trachycaulus,1,0,0,1,1,0,0
tc2809,High,Epilobium_brachycarpum,0,0,0,0,0,1,1
tc2809,High,Epilobium_ciliatum,0,0,0,1,0,0,0
tc2809,High,Erigeron_compositus,1,0,1,1,1,1,1
tc2809,High,Erigeron_divergens,0,0,0,1,0,0,0
tc2809,High,Erigeron_pumilus,0,1,0,0,1,0,0
tc2809,High,Erigeron_subtrinervis,0,0,0,1,1,1,1
tc2809,High,Erigeron_vetensis,1,1,0,1,1,1,1
tc2809,High,Eriogonum_alatum,1,1,1,1,1,1,1
tc2809,High,Erysimum_capitatum,1,1,1,0,1,1,1
tc2809,High,Festuca_saximontana,1,1,1,0,1,1,1
tc2809,High,Geranium_caespitosum,1,1,1,1,1,1,1
tc2809,High,Heterotheca_villosa,1,1,1,1,1,1,1
tc2809,High,Hieracium_fendleri,1,1,0,1,1,1,0
tc2809,High,Ipomopsis_aggregata,0,1,1,0,0,1,0
tc2809,High,Juniperus_communis,1,0,0,0,0,0,0
tc2809,High,Koeleria_macrantha,0,0,1,0,0,1,1
tc2809,High,Lactuca_serriola,0,0,0,1,1,1,1
tc2809,High,Laennecia_schiedeana,0,0,0,1,0,1,0
tc2809,High,Machaeranthera_bigelovii,0,0,0,1,1,1,1
tc2809,High,Mertensia_lanceolata,1,1,1,1,1,1,1
tc2809,High,Muhlenbergia_montana,1,1,1,1,1,1,1
tc2809,High,Noccaea_montana,1,1,1,1,1,1,1
tc2809,High,Oenothera_villosa,0,1,0,0,0,0,0
tc2809,High,Packera_cana,1,1,1,1,1,1,1
tc2809,High,Packera_fendleri,1,1,1,1,1,1,1
tc2809,High,Pediocactus_simpsonii,1,0,0,0,0,0,1
tc2809,High,Penstemon_glaber,1,1,1,1,1,1,1
tc2809,High,Penstemon_secundiflorus,0,1,0,1,1,1,0
tc2809,High,Penstemon_virens,1,1,1,1,1,1,1
tc2809,High,Phacelia_heterophylla,0,1,1,1,1,0,1
tc2809,High,Phemeranthus_parviflorus,0,0,1,1,1,0,0
tc2809,High,Poa,0,0,0,0,0,1,0
tc2809,High,Poa_fendleriana,1,1,1,1,1,1,1
tc2809,High,Poa_reflexa,1,0,0,0,0,0,0
tc2809,High,Potentilla_fissa,1,1,1,1,1,1,1
tc2809,High,Potentilla_hippiana,1,1,1,1,1,1,1
tc2809,High,Potentilla_pulcherrima,0,1,0,0,0,0,0
tc2809,High,Pulsatilla_patens,1,1,1,1,1,1,1
tc2809,High,Ribes_cereum,1,1,1,1,1,1,1
tc2809,High,Rubus_deliciosus,1,0,0,0,0,0,0
tc2809,High,Rubus_idaeus,0,0,1,0,0,0,0
tc2809,High,Schizachyrium_scoparium,1,1,0,0,0,0,1
tc2809,High,Scutellaria_brittonii,0,1,0,1,1,1,1
tc2809,High,Sedum_lanceolatum,1,0,0,1,1,1,1
tc2809,High,Senecio_eremophilus,0,0,0,1,1,0,0
tc2809,High,Senecio_spartioides,0,0,0,0,0,0,1
tc2809,High,Silene_scouleri,0,0,0,1,0,0,1
tc2809,High,Solanum_triflorum,0,1,0,0,0,0,0
tc2809,High,Solidago,1,1,1,1,1,1,1
tc2809,High,Symphyotrichum_porteri,0,0,0,1,1,1,0
tc2809,High,Taraxacum_officinale,0,0,0,1,1,1,1
tc2809,High,Tragopogon_dubius,0,0,0,1,1,1,1
tc2809,High,Triticosecale_rimpaui,0,1,1,0,0,0,0
tc2809,High,Triticosecale_rimpaui_dead,0,0,1,0,0,0,0
tc2809,High,unable_to_identify,1,0,1,0,0,0,1
tc2809,High,Verbascum_thapsus,0,0,0,1,1,1,1
tc2809,High,Yucca_glauca,0,1,1,1,1,1,1
